Species;Coloniality;Corallite.width.maximum;Colony.maximum.diameter;Depth.lower;Depth.upper;Growth.form.typical;Wave.exposure.preference;Water.clarity.preference;Substrate.attachment;Skeletal.density;Sexual.system;Mode.of.larval.development;Growth.rate
Acanthastrea_brevis;colonial;25;NA;20;1;submassive;broad;clear;attached;NA;NA;NA;NA
Acanthastrea_echinata;colonial;22.5;100;43.3333333333333;8.33333333333333;massive;broad;both;attached;NA;hermaphrodite;spawner;NA
Acanthastrea_hemprichi;colonial;18.8;100;20;2;massive;broad;both;attached;NA;NA;NA;NA
Acanthastrea_ishigakiensis;colonial;21;50;15;1;massive;protected;clear;attached;NA;NA;NA;NA
Acanthastrea_regularis;colonial;9.1;30;20;2;massive;protected;clear;attached;NA;NA;NA;NA
Acanthastrea_rotundoflora;colonial;14.7;NA;30;2;encrusting;protected;clear;attached;NA;NA;NA;NA
Acanthastrea_subechinata;colonial;17.7;20;35;0;massive;broad;clear;attached;NA;NA;NA;NA
Acropora_abrolhosensis;colonial;1.5;533.333333333333;29.3333333333333;1.5;branching_open;protected;clear;attached;NA;hermaphrodite;spawner;NA
Acropora_abrotanoides;colonial;1.2;NA;20.5;0.5;branching_open;exposed;clear;attached;NA;hermaphrodite;spawner;NA
Acropora_aculeus;colonial;1;40;37.4;4.25;corymbose;broad;clear;attached;NA;hermaphrodite;spawner;NA
Acropora_acuminata;colonial;1.2;133.333333333333;22.5;3;branching_open;broad;both;attached;NA;NA;NA;NA
Acropora_akajimensis;colonial;NA;NA;20;0.75;branching_closed;exposed;clear;attached;NA;NA;NA;NA
Acropora_anthocercis;colonial;1.3;75;17.5;3;tables_or_plates;exposed;clear;attached;NA;hermaphrodite;spawner;NA
Acropora_appressa;colonial;NA;NA;15;1;corymbose;broad;clear;attached;NA;hermaphrodite;spawner;NA
Acropora_arabensis;colonial;2;NA;11;0.75;digitate;exposed;clear;attached;NA;hermaphrodite;spawner;NA
Acropora_aspera;colonial;1.8;NA;9.33333333333333;0.333333333333333;branching_open;exposed;clear;attached;0.92;hermaphrodite;spawner;4.06426315789474
Acropora_austera;colonial;1.5;NA;24.75;2.83333333333333;branching_open;exposed;clear;attached;NA;NA;NA;NA
Acropora_awi;colonial;1;150;12.5;0;hispidose;protected;both;attached;NA;NA;NA;NA
Acropora_azurea;colonial;NA;15;10;1;branching_closed;exposed;clear;attached;NA;NA;NA;NA
Acropora_batunai;colonial;0.5;125;44.5;1;tables_or_plates;protected;clear;attached;NA;NA;NA;NA
Acropora_bifurcata;colonial;NA;NA;25;1;tables_or_plates;exposed;clear;attached;NA;NA;NA;NA
Acropora_branchi;colonial;NA;NA;NA;NA;tables_or_plates;exposed;clear;attached;NA;hermaphrodite;spawner;NA
Acropora_bushyensis;colonial;1.5;25;4.25;0.5;digitate;protected;clear;attached;NA;hermaphrodite;spawner;NA
Acropora_cardenae;colonial;NA;NA;57.5;NA;branching_open;protected;clear;attached;NA;NA;NA;NA
Acropora_carduus;colonial;0.9;NA;36.25;4;hispidose;protected;clear;attached;NA;NA;spawner;NA
Acropora_caroliniana;colonial;1;50;35;10;tables_or_plates;exposed;clear;attached;NA;NA;NA;NA
Acropora_cerealis;colonial;0.8;50;26.2;2.5;corymbose;exposed;clear;attached;NA;hermaphrodite;spawner;42.9
Acropora_cervicornis;colonial;1.7;68.69;40;0.25;branching_open;protected;clear;attached;1.60616666666667;hermaphrodite;spawner;49.5528863636364
Acropora_chesterfieldensis;colonial;1;NA;29;3;branching_closed;protected;clear;attached;NA;NA;NA;NA
Acropora_clathrata;colonial;0.9;NA;27.25;2.66666666666667;tables_or_plates;broad;clear;attached;NA;hermaphrodite;spawner;NA
Acropora_convexa;colonial;NA;NA;20;1;corymbose;protected;turbid;attached;NA;NA;NA;NA
Acropora_cophodactyla;colonial;NA;NA;12;0.5;digitate;exposed;clear;attached;NA;NA;NA;NA
Acropora_copiosa;colonial;NA;NA;NA;1;branching_open;protected;clear;attached;NA;NA;NA;NA
Acropora_cylindrica;colonial;NA;100;12;0;branching_open;exposed;clear;attached;NA;NA;NA;NA
Acropora_cytherea;colonial;1;300;30.0833333333333;10.6;tables_or_plates;broad;clear;attached;NA;NA;NA;39.5
Acropora_dendrum;colonial;1.2;100;20;3;corymbose;exposed;clear;attached;NA;NA;spawner;NA
Acropora_derawanensis;colonial;1;100;27.5;10;branching_open;protected;both;attached;NA;NA;NA;NA
Acropora_desalwii;colonial;0.8;30;32.5;10;corymbose;protected;clear;attached;NA;NA;NA;NA
Acropora_digitifera;colonial;1.6;100;11.25;0.75;digitate;exposed;clear;attached;NA;hermaphrodite;spawner;NA
Acropora_divaricata;colonial;1.1;NA;20;4;tables_or_plates;exposed;clear;attached;NA;hermaphrodite;spawner;41.5
Acropora_donei;colonial;1.4;266.666666666667;36.6666666666667;3;branching_open;broad;clear;attached;NA;hermaphrodite;spawner;NA
Acropora_downingi;colonial;1;NA;10;1;tables_or_plates;exposed;clear;attached;NA;NA;NA;NA
Acropora_echinata;colonial;1;150;41.6666666666667;8;hispidose;protected;clear;attached;NA;hermaphrodite;spawner;NA
Acropora_efflorescens;colonial;NA;200;40;5.5;tables_or_plates;exposed;clear;attached;NA;NA;NA;NA
Acropora_elegans;colonial;0.8;NA;51.6666666666667;30;tables_or_plates;protected;clear;attached;NA;NA;NA;NA
Acropora_elegantula;colonial;NA;NA;20;2;branching_closed;broad;clear;attached;NA;NA;NA;NA
Acropora_elseyi;colonial;0.9;50;24.5;2;hispidose;broad;clear;attached;NA;hermaphrodite;spawner;0.37
Acropora_eurystoma;colonial;2;NA;26;3;NA;protected;clear;attached;NA;hermaphrodite;spawner;20.2
Acropora_exquisita;colonial;NA;NA;20;1.5;branching_closed;protected;clear;attached;NA;NA;NA;NA
Acropora_fastigata;colonial;NA;NA;20;2;branching_closed;broad;clear;attached;NA;NA;NA;NA
Acropora_fenneri;colonial;NA;100;NA;NA;branching_open;protected;clear;attached;NA;NA;NA;NA
Acropora_filiformis;colonial;NA;NA;20;8;branching_open;protected;clear;attached;NA;NA;NA;NA
Acropora_florida;colonial;1.4;1500;31.5;2.33333333333333;branching_open;broad;clear;attached;NA;hermaphrodite;spawner;NA
Acropora_forskali;colonial;NA;NA;25;2;branching_open;broad;clear;attached;NA;NA;NA;NA
Acropora_gemmifera;colonial;1.6;NA;16;1;digitate;broad;clear;attached;NA;hermaphrodite;spawner;NA
Acropora_glauca;colonial;1.3;NA;20;3;tables_or_plates;protected;both;attached;1.46;hermaphrodite;spawner;NA
Acropora_globiceps;colonial;2.1;NA;14;0.5;digitate;exposed;clear;attached;NA;hermaphrodite;NA;NA
Acropora_gomezi;colonial;NA;NA;NA;NA;branching_open;exposed;clear;attached;NA;NA;NA;0.08375
Acropora_grandis;colonial;1.7;450;23.5;5;branching_open;broad;clear;attached;NA;hermaphrodite;spawner;NA
Acropora_granulosa;colonial;0.9;75;47;20;tables_or_plates;broad;clear;attached;NA;hermaphrodite;spawner;NA
Acropora_haimei;colonial;NA;NA;14;0.5;branching_closed;broad;clear;attached;NA;hermaphrodite;spawner;NA
Acropora_halmaherae;colonial;0.9;NA;22.5;10;NA;protected;both;attached;NA;NA;NA;NA
Acropora_hemprichii;colonial;1.2;200;15;2;branching_open;broad;clear;attached;NA;hermaphrodite;spawner;4.3
Acropora_hoeksemai;colonial;1.1;333.333333333333;21;4.5;branching_open;broad;clear;attached;NA;NA;NA;NA
Acropora_horrida;colonial;1.5;200;26.75;6.5;branching_closed;protected;turbid;attached;0.86;hermaphrodite;spawner;NA
Acropora_humilis;colonial;1.8;NA;12.8;1.4;digitate;exposed;clear;attached;1.44538461538462;hermaphrodite;spawner;22
Acropora_hyacinthus;colonial;1.1;300;20;2;tables_or_plates;exposed;clear;attached;1.28;hermaphrodite;spawner;80.6333333333333
Acropora_indonesia;colonial;1;100;23;5.5;branching_open;protected;clear;attached;NA;NA;NA;NA
Acropora_inermis;colonial;NA;NA;25;0.75;branching_closed;protected;turbid;attached;NA;NA;NA;NA
Acropora_insignis;colonial;NA;NA;30;0.75;branching_closed;broad;clear;attached;NA;NA;NA;NA
Acropora_intermedia;colonial;1.5;500;18.75;1.75;branching_open;broad;clear;attached;NA;hermaphrodite;spawner;NA
Acropora_irregularis;colonial;NA;300;15;1;branching_open;exposed;clear;attached;NA;NA;NA;NA
Acropora_jacquelineae;colonial;0.5;86.6666666666667;35.5;10;tables_or_plates;protected;clear;attached;NA;NA;NA;NA
Acropora_japonica;colonial;0.9;NA;8;1;tables_or_plates;exposed;clear;attached;NA;NA;spawner;NA
Acropora_kimbeensis;colonial;0.6;NA;31.6666666666667;2;branching_closed;broad;clear;attached;NA;NA;NA;NA
Acropora_kirstyae;colonial;0.8;NA;27.5;10;branching_closed;broad;clear;attached;NA;NA;spawner;NA
Acropora_kosurini;colonial;0.8;NA;17;8;branching_open;broad;clear;attached;NA;NA;NA;NA
Acropora_lamarcki;colonial;NA;200;15;1.5;tables_or_plates;exposed;clear;attached;NA;hermaphrodite;spawner;NA
Acropora_latistella;colonial;0.9;NA;32.6666666666667;2;corymbose;protected;turbid;attached;NA;hermaphrodite;spawner;NA
Acropora_lianae;colonial;NA;50;20;0.75;branching_closed;broad;clear;attached;NA;NA;NA;NA
Acropora_listeri;colonial;1;50;16.25;2;branching_closed;exposed;clear;attached;NA;hermaphrodite;spawner;NA
Acropora_loisetteae;colonial;1.6;NA;26;1;branching_open;protected;clear;attached;NA;NA;NA;NA
Acropora_lokani;colonial;0.9;30;27.6666666666667;8;branching_closed;broad;clear;attached;NA;NA;NA;NA
Acropora_longicyathus;colonial;1.3;NA;16.5;6.66666666666667;hispidose;broad;clear;attached;1.27;hermaphrodite;spawner;NA
Acropora_loripes;colonial;1.2;45;26;2;corymbose;broad;clear;attached;NA;hermaphrodite;spawner;NA
Acropora_loveli;colonial;1.7;NA;23.3333333333333;1;branching_open;protected;clear;attached;NA;hermaphrodite;spawner;NA
Acropora_lutkeni;colonial;1.2;600;19;2;branching_open;exposed;clear;attached;NA;hermaphrodite;spawner;NA
Acropora_macrostoma;colonial;NA;100;12;0.75;corymbose;exposed;clear;attached;NA;NA;NA;NA
Acropora_magnifica;NA;NA;NA;20;20;NA;protected;clear;NA;NA;NA;NA;NA
Acropora_maryae;colonial;NA;66.25;15;1.5;branching_closed;exposed;clear;attached;NA;hermaphrodite;spawner;NA
Acropora_massawensis;colonial;NA;200;15;2;digitate;exposed;clear;attached;NA;hermaphrodite;NA;NA
Acropora_meridiana;colonial;NA;100;15;2;branching_closed;broad;clear;attached;NA;NA;NA;NA
Acropora_microclados;colonial;1.2;100;31.6666666666667;3;corymbose;exposed;clear;attached;NA;hermaphrodite;spawner;NA
Acropora_microphthalma;colonial;1;200;21.5;4.75;branching_open;broad;turbid;attached;NA;hermaphrodite;spawner;NA
Acropora_millepora;colonial;1.6;NA;21;1.5;corymbose;broad;clear;attached;NA;hermaphrodite;spawner;NA
Acropora_minuta;colonial;NA;NA;8;1;encrusting;exposed;clear;attached;NA;NA;NA;NA
Acropora_mirabilis;colonial;NA;NA;25;2;corymbose;broad;clear;attached;NA;NA;NA;NA
Acropora_monticulosa;colonial;1.2;300;13;1;digitate;exposed;clear;attached;NA;hermaphrodite;spawner;NA
Acropora_multiacuta;colonial;2;NA;22.5;3;branching_closed;exposed;clear;attached;NA;NA;NA;NA
Acropora_muricata;colonial;1.2;625;20;3.5;branching_open;protected;clear;attached;1.76;hermaphrodite;spawner;85.7725
Acropora_nana;colonial;1;15;12.5;1;branching_closed;exposed;clear;attached;NA;hermaphrodite;spawner;NA
Acropora_nasuta;colonial;1.1;80;22.3333333333333;1.33333333333333;corymbose;exposed;clear;attached;NA;hermaphrodite;spawner;39.175
Acropora_natalensis;colonial;NA;NA;30;5;tables_or_plates;exposed;clear;attached;NA;NA;NA;NA
Acropora_navini;colonial;NA;NA;20;5;hispidose;broad;clear;attached;NA;NA;NA;NA
Acropora_ocellata;colonial;NA;NA;12;1.5;digitate;exposed;clear;attached;NA;hermaphrodite;NA;NA
Acropora_orbicularis;colonial;NA;NA;12;2;tables_or_plates;exposed;clear;attached;NA;NA;NA;NA
Acropora_palmata;colonial;1.6;400;20;0.05;branching_open;exposed;clear;attached;1.89;hermaphrodite;spawner;69.3
Acropora_palmerae;colonial;1.3;180;13.3333333333333;1;encrusting;exposed;clear;attached;NA;hermaphrodite;spawner;NA
Acropora_paniculata;colonial;0.8;103;39.6666666666667;5.5;tables_or_plates;exposed;clear;attached;NA;NA;NA;NA
Acropora_papillare;colonial;1.6;NA;14;1;branching_open;broad;clear;attached;NA;NA;NA;NA
Acropora_parahemprichii;colonial;NA;400;20;8;branching_closed;exposed;clear;attached;NA;NA;NA;NA
Acropora_parapharaonis;colonial;NA;NA;20;5;tables_or_plates;exposed;clear;attached;NA;hermaphrodite;spawner;NA
Acropora_parilis;colonial;NA;NA;NA;NA;branching_closed;protected;both;attached;NA;NA;NA;NA
Acropora_pectinatus;colonial;NA;100;20;1.5;branching_closed;broad;clear;attached;NA;NA;NA;NA
Acropora_pharaonis;colonial;1.5;NA;13;2.66666666666667;tables_or_plates;protected;clear;attached;NA;hermaphrodite;spawner;5.75
Acropora_pichoni;colonial;0.9;100;53.3333333333333;10;tables_or_plates;protected;clear;attached;NA;NA;NA;NA
Acropora_pinguis;colonial;NA;200;20;0.75;branching_open;exposed;clear;attached;NA;NA;NA;NA
Acropora_plana;colonial;NA;NA;30;2;tables_or_plates;protected;clear;attached;NA;NA;NA;NA
Acropora_plantaginea;colonial;NA;NA;10;1.5;corymbose;broad;clear;attached;NA;hermaphrodite;spawner;NA
Acropora_plumosa;colonial;1.2;NA;24.5;10;tables_or_plates;protected;clear;attached;NA;NA;NA;NA
Acropora_polystoma;colonial;1.5;80;10.8333333333333;3;corymbose;exposed;clear;attached;NA;hermaphrodite;spawner;NA
Acropora_prolifera;colonial;1.5;NA;NA;NA;branching_closed;broad;clear;attached;NA;hermaphrodite;spawner;70.5
Acropora_prostrata;colonial;NA;NA;NA;NA;corymbose;exposed;clear;attached;NA;NA;NA;NA
Acropora_proximalis;colonial;NA;NA;15;2;branching_closed;broad;clear;attached;NA;NA;NA;NA
Acropora_pruinosa;colonial;1.6;100;15.75;2;branching_closed;broad;turbid;attached;NA;NA;NA;NA
Acropora_pulchra;colonial;1.2;500;11.3333333333333;1.33333333333333;branching_open;protected;clear;attached;1.9;hermaphrodite;spawner;8.63
Acropora_rambleri;colonial;NA;100;40;30;tables_or_plates;broad;clear;attached;NA;NA;NA;NA
Acropora_retusa;colonial;0.9;NA;16.75;1;digitate;exposed;clear;attached;NA;hermaphrodite;spawner;NA
Acropora_ridzwani;NA;1.8;NA;30;15;NA;exposed;clear;NA;NA;NA;NA;NA
Acropora_robusta;colonial;1.5;NA;8.83333333333333;0.666666666666667;branching_open;exposed;clear;attached;NA;hermaphrodite;spawner;22.4
Acropora_rongelapensis;colonial;0.8;NA;35;20;NA;protected;turbid;attached;NA;NA;NA;NA
Acropora_rosaria;colonial;NA;NA;NA;1;corymbose;broad;clear;attached;NA;NA;NA;NA
Acropora_roseni;colonial;1.6;200;12;2;branching_open;exposed;clear;attached;NA;NA;NA;NA
Acropora_rudis;colonial;1.2;100;22.5;2;branching_open;broad;clear;attached;NA;NA;NA;NA
Acropora_rufus;colonial;NA;NA;10;2;branching_closed;broad;clear;attached;NA;NA;NA;NA
Acropora_russelli;colonial;1;NA;27.5;15;branching_closed;protected;clear;attached;NA;NA;NA;NA
Acropora_samoensis;colonial;1.8;100;15;3;digitate;broad;clear;attached;NA;hermaphrodite;spawner;NA
Acropora_sarmentosa;colonial;2;30;20.6666666666667;2.33333333333333;corymbose;broad;clear;attached;NA;hermaphrodite;spawner;NA
Acropora_scherzeriana;colonial;NA;NA;15;2;branching_open;broad;clear;attached;NA;NA;NA;NA
Acropora_schmitti;colonial;NA;NA;15;2;branching_open;exposed;clear;attached;NA;NA;NA;NA
Acropora_secale;colonial;1.2;100;25;1.5;branching_closed;exposed;clear;attached;NA;hermaphrodite;spawner;NA
Acropora_sekiseiensis;colonial;NA;NA;15;2;branching_closed;broad;clear;attached;NA;NA;NA;NA
Acropora_selago;colonial;0.9;75;35;3;corymbose;exposed;turbid;attached;NA;hermaphrodite;spawner;NA
Acropora_seriata;colonial;NA;NA;12;3;tables_or_plates;exposed;clear;attached;NA;NA;NA;NA
Acropora_simplex;colonial;0.8;100;60;20;tables_or_plates;protected;clear;attached;NA;NA;NA;NA
Acropora_solitaryensis;colonial;1.1;204;35;3;tables_or_plates;broad;clear;attached;1.45;hermaphrodite;spawner;16.7
Acropora_spathulata;colonial;1.5;NA;10.5;0.5;NA;exposed;clear;attached;NA;hermaphrodite;spawner;NA
Acropora_speciosa;colonial;0.8;50;51.6666666666667;12;corymbose;protected;clear;attached;NA;NA;NA;40.3
Acropora_spicifera;colonial;1.1;NA;11;1.5;tables_or_plates;broad;clear;attached;NA;hermaphrodite;spawner;NA
Acropora_squarrosa;colonial;0.8;NA;20.5;1;branching_closed;exposed;clear;attached;NA;hermaphrodite;spawner;NA
Acropora_stoddarti;colonial;1.3;200;30;2;tables_or_plates;broad;clear;attached;NA;hermaphrodite;spawner;NA
Acropora_striata;colonial;1.1;NA;29.55;10;branching_closed;broad;clear;attached;NA;hermaphrodite;spawner;NA
Acropora_subglabra;colonial;0.8;NA;32.5;5;hispidose;protected;clear;attached;NA;hermaphrodite;spawner;NA
Acropora_subulata;colonial;1.2;250;27.5;3;tables_or_plates;protected;clear;attached;NA;hermaphrodite;spawner;NA
Acropora_suharsonoi;colonial;0.8;NA;25;15;corymbose;protected;clear;attached;NA;NA;NA;NA
Acropora_sukarnoi;colonial;1.5;150;26.5;3;NA;exposed;clear;attached;NA;NA;NA;NA
Acropora_tanegashimensis;colonial;0.8;NA;15;3;tables_or_plates;exposed;clear;attached;NA;NA;NA;NA
Acropora_tenella;colonial;0.8;NA;56.3333333333333;25;tables_or_plates;protected;clear;attached;NA;NA;NA;NA
Acropora_tenuis;colonial;1.2;NA;18.3333333333333;3.33333333333333;corymbose;exposed;clear;attached;NA;hermaphrodite;spawner;NA
Acropora_teres;colonial;NA;NA;20;2;branching_open;broad;clear;attached;NA;NA;NA;NA
Acropora_tizardi;colonial;NA;NA;25;1.5;branching_closed;broad;clear;attached;NA;NA;NA;NA
Acropora_torihalimeda;colonial;0.8;NA;46.5;15;branching_closed;protected;clear;attached;NA;NA;NA;NA
Acropora_torresiana;colonial;NA;NA;5;0;branching_closed;exposed;clear;attached;NA;NA;NA;NA
Acropora_tortuosa;colonial;1.3;NA;31;1;branching_closed;protected;clear;attached;NA;hermaphrodite;spawner;NA
Acropora_tumida;colonial;1.4;200;30;1;branching_closed;protected;turbid;attached;NA;NA;NA;8.3
Acropora_turaki;colonial;0.8;200;20;10;hispidose;protected;both;attached;NA;NA;NA;NA
Acropora_tutuilensis;colonial;NA;NA;20;3;branching_open;broad;clear;attached;NA;NA;NA;NA
Acropora_valenciennesi;colonial;1.5;333.333333333333;38.3333333333333;3;branching_open;protected;clear;attached;NA;hermaphrodite;spawner;179.333333333333
Acropora_valida;colonial;0.9;50;32;1.5;corymbose;broad;clear;attached;1.5;hermaphrodite;spawner;23.6
Acropora_variabilis;colonial;NA;NA;24.6666666666667;2.5;branching_closed;broad;clear;attached;NA;hermaphrodite;spawner;NA
Acropora_variolosa;colonial;1.2;NA;22.5;2;branching_open;broad;clear;attached;NA;NA;NA;NA
Acropora_vaughani;colonial;1.1;NA;23.5;3;branching_closed;protected;turbid;attached;NA;hermaphrodite;spawner;NA
Acropora_vermiculata;colonial;NA;NA;20;0.5;corymbose;exposed;clear;attached;NA;NA;NA;NA
Acropora_verweyi;colonial;1.1;NA;22;1.5;corymbose;exposed;clear;attached;NA;NA;NA;NA
Acropora_walindii;colonial;0.5;100;35;8;branching_open;protected;clear;attached;NA;NA;NA;NA
Acropora_willisae;colonial;1;70;33.3333333333333;5.5;corymbose;broad;clear;attached;NA;hermaphrodite;spawner;NA
Acropora_yongei;colonial;1.2;200;20.5;3;branching_closed;exposed;both;attached;NA;hermaphrodite;spawner;59.34
Agaricia_agaricites;colonial;5.5;34.955;66.6666666666667;1.16666666666667;laminar;broad;clear;attached;2.03;gonochore;brooder;1.1512
Agaricia_fragilis;colonial;5;4.74;77.3333333333333;5.33333333333333;encrusting;protected;clear;attached;2.31;NA;brooder;NA
Agaricia_grahamae;colonial;6.5;NA;82.5;22.5;laminar;broad;clear;attached;NA;NA;NA;NA
Agaricia_humilis;colonial;6;12;20;5;encrusting;broad;clear;attached;NA;gonochore;brooder;NA
Agaricia_lamarcki;colonial;7.9;11.21;76;10;laminar;broad;clear;attached;2.28666666666667;NA;NA;NA
Agaricia_tenuifolia;colonial;5.1;NA;16.5;2.5;laminar;broad;clear;attached;NA;NA;brooder;NA
Agaricia_undata;colonial;6;NA;70;20.3333333333333;laminar;broad;clear;attached;2.45;NA;NA;NA
Alveopora_allingi;colonial;3.7;NA;10;5;columnar;protected;clear;attached;NA;NA;NA;NA
Alveopora_catalai;colonial;4.1;833.333333333333;30;3;branching_closed;protected;both;attached;NA;NA;NA;NA
Alveopora_daedalea;colonial;2.2;NA;30;3;columnar;protected;clear;attached;NA;hermaphrodite;brooder;NA
Alveopora_excelsa;colonial;2;200;30;3;submassive;exposed;clear;attached;NA;NA;NA;NA
Alveopora_fenestrata;colonial;3.4;NA;17.5;4;massive;broad;clear;attached;NA;NA;spawner;NA
Alveopora_gigas;colonial;6.6;NA;30;3;columnar;protected;turbid;attached;NA;hermaphrodite;spawner;NA
Alveopora_japonica;colonial;2.7;4;NA;NA;massive;exposed;clear;attached;NA;hermaphrodite;brooder;NA
Alveopora_marionensis;colonial;3.4;NA;30;1;submassive;exposed;clear;attached;NA;NA;NA;NA
Alveopora_minuta;colonial;1.3;10;20;1;submassive;exposed;clear;attached;NA;NA;NA;NA
Alveopora_ocellata;colonial;1.5;NA;30;10;encrusting;protected;clear;attached;NA;NA;NA;NA
Alveopora_spongiosa;colonial;1.5;150;35;3;columnar;protected;clear;attached;NA;NA;NA;NA
Alveopora_tizardi;colonial;1.5;NA;50;3;encrusting;broad;clear;attached;NA;NA;spawner;NA
Alveopora_verrilliana;colonial;2.1;NA;70;15;submassive;broad;clear;attached;NA;hermaphrodite;spawner;NA
Alveopora_viridis;colonial;1.7;NA;50;5;columnar;protected;clear;attached;NA;NA;NA;NA
Anacropora_forbesi;colonial;0.5;NA;25;2;branching_closed;broad;turbid;attached;NA;NA;NA;NA
Anacropora_matthai;colonial;0.6;NA;20;8;branching_closed;protected;clear;attached;NA;NA;NA;NA
Anacropora_pillai;colonial;0.6;NA;25;8;branching_closed;protected;turbid;attached;NA;NA;NA;NA
Anacropora_puertogalerae;colonial;0.8;NA;20;5;branching_closed;broad;turbid;attached;NA;hermaphrodite;spawner;NA
Anacropora_reticulata;colonial;0.9;NA;15;3;branching_closed;broad;clear;attached;NA;NA;NA;NA
Anacropora_spinosa;colonial;0.9;NA;15;5;branching_closed;broad;clear;attached;NA;NA;NA;NA
Anacropora_spumosa;colonial;0.7;NA;15;5;branching_closed;broad;clear;attached;NA;NA;NA;NA
Anomastraea_irregularis;colonial;5.4;NA;20;0;submassive;protected;turbid;attached;NA;NA;NA;NA
Astrangia_lajollaensis;NA;NA;NA;NA;NA;NA;broad;clear;NA;NA;gonochore;spawner;NA
Astrangia_poculata;colonial;NA;NA;NA;NA;submassive;broad;clear;attached;NA;gonochore;spawner;NA
Astrea_annuligera;colonial;6.3;NA;30;2;encrusting;protected;clear;attached;NA;NA;NA;NA
Astrea_curta;colonial;9.3;NA;45;0;massive;protected;clear;attached;NA;hermaphrodite;spawner;2.6
Astrea_devantieri;colonial;4.5;150;20;0;massive;broad;clear;attached;NA;NA;NA;NA
Astreopora_cucullata;colonial;2.3;NA;15;5;massive;broad;clear;attached;NA;NA;NA;NA
Astreopora_expansa;colonial;2.3;NA;15;5;laminar;broad;clear;attached;NA;NA;NA;NA
Astreopora_gracilis;colonial;1.6;NA;15;5;massive;broad;turbid;attached;NA;hermaphrodite;spawner;NA
Astreopora_incrustans;colonial;0.9;100;40;2;encrusting;exposed;clear;attached;NA;NA;NA;NA
Astreopora_listeri;colonial;1.6;NA;30;5;massive;broad;turbid;attached;NA;hermaphrodite;spawner;NA
Astreopora_macrostoma;colonial;2.5;NA;15;5;encrusting;broad;clear;attached;NA;NA;NA;NA
Astreopora_moretonensis;colonial;2.5;NA;15;2;laminar;exposed;clear;attached;NA;NA;NA;NA
Astreopora_myriophthalma;colonial;2.3;NA;45;2;massive;broad;clear;attached;NA;hermaphrodite;spawner;7.75
Astreopora_ocellata;colonial;2.5;NA;30;5;massive;broad;clear;attached;NA;NA;NA;NA
Astreopora_randalli;colonial;1.5;NA;15;5;laminar;protected;clear;attached;NA;NA;NA;NA
Astreopora_scabra;colonial;2.5;NA;15;3;massive;broad;clear;attached;NA;NA;NA;NA
Astreopora_suggesta;colonial;1.6;NA;15;5;massive;broad;clear;attached;NA;NA;NA;NA
Astroides_calycularis;NA;NA;NA;NA;NA;NA;broad;both;NA;NA;gonochore;brooder;NA
Australogyra_zelli;colonial;7.2;200;15;1;branching_closed;protected;turbid;attached;NA;hermaphrodite;spawner;NA
Balanophyllia_europaea;solitary;2.2;2;NA;NA;massive;protected;clear;attached;NA;hermaphrodite;brooder;NA
Bernardpora_stutchburyi;colonial;NA;NA;30;1;encrusting;protected;clear;attached;NA;gonochore;NA;NA
Blastomussa_merleti;NA;6;NA;50;2;NA;protected;turbid;NA;NA;NA;NA;NA
Blastomussa_omanensis;colonial;7;NA;20;3;encrusting;broad;both;attached;NA;NA;NA;NA
Blastomussa_wellsi;colonial;18.9;NA;40;2;massive;protected;turbid;attached;NA;NA;spawner;NA
Boninastrea_boninensis;colonial;6.5;NA;NA;NA;massive;protected;clear;attached;NA;NA;NA;NA
Cantharellus_doederleini;solitary;53.3;5;30;15;massive;exposed;clear;attached;NA;NA;NA;NA
Cantharellus_jebbi;both;20;20;25;10;encrusting;protected;clear;attached;NA;NA;NA;NA
Cantharellus_noumeae;both;200;20;30;20;encrusting;protected;clear;attached;NA;NA;NA;NA
Catalaphyllia_jardinei;colonial;21.3;100;40;0;massive;protected;turbid;attached;NA;NA;spawner;NA
Caulastraea_connata;colonial;27.5;NA;10;0;massive;broad;clear;attached;NA;NA;NA;NA
Caulastraea_curvata;colonial;13.9;100;20;0;branching_closed;protected;clear;attached;NA;NA;NA;NA
Caulastraea_echinulata;colonial;13.8;NA;18;1;massive;protected;turbid;attached;NA;NA;NA;NA
Caulastraea_furcata;colonial;12.8;500;30;2;massive;protected;clear;attached;NA;hermaphrodite;spawner;NA
Caulastraea_tumida;colonial;25;100;40;2;massive;protected;both;attached;NA;NA;NA;NA
Cladocora_arbuscula;colonial;2.9;NA;20;0.75;branching_closed;protected;turbid;both;NA;gonochore;NA;NA
Cladocora_caespitosa;colonial;4.5;50;NA;NA;massive;protected;clear;attached;NA;gonochore;spawner;NA
Coelastrea_aspera;colonial;11.5;500;15;0;massive;broad;both;attached;NA;hermaphrodite;spawner;4
Coelastrea_palauensis;colonial;18.8;20;30;20;massive;broad;both;attached;NA;hermaphrodite;spawner;NA
Coeloseris_mayeri;colonial;11.9;NA;5;1;massive;protected;clear;attached;NA;NA;NA;NA
Colpophyllia_natans;colonial;12.9;134.915;50;0.333333333333333;massive;broad;clear;attached;0.84;hermaphrodite;spawner;8.72142857142857
Coscinaraea_columna;colonial;6;NA;30;5;massive;protected;clear;attached;NA;gonochore;spawner;NA
Coscinaraea_crassa;colonial;14.3;NA;30;10;encrusting;protected;clear;attached;NA;NA;NA;NA
Coscinaraea_exesa;colonial;6.1;NA;27.5;4.5;columnar;protected;clear;attached;NA;NA;NA;NA
Coscinaraea_hahazimaensis;colonial;3;NA;NA;NA;massive;exposed;clear;attached;NA;NA;NA;NA
Coscinaraea_marshae;colonial;5.3;NA;NA;NA;encrusting;exposed;clear;attached;NA;NA;spawner;NA
Coscinaraea_mcneilli;colonial;5.8;NA;NA;NA;encrusting;protected;both;attached;NA;NA;NA;NA
Coscinaraea_monile;colonial;50;NA;54;5.66666666666667;massive;broad;clear;attached;NA;NA;NA;NA
Craterastrea_levis;NA;NA;NA;70;30;NA;protected;clear;NA;NA;NA;NA;NA
Ctenactis_albitentaculata;solitary;260;NA;20;6;massive;exposed;clear;unattached;NA;NA;NA;NA
Ctenactis_crassa;solitary;236;NA;67;NA;massive;protected;clear;unattached;NA;gonochore;spawner;NA
Ctenactis_echinata;solitary;284;NA;20;1;massive;protected;clear;unattached;NA;gonochore;spawner;NA
Ctenella_chagius;colonial;NA;NA;45;3;submassive;broad;clear;attached;NA;NA;NA;NA
Cycloseris_costulata;solitary;76;7.73333333333333;30;3;massive;protected;clear;unattached;NA;NA;NA;NA
Cycloseris_curvata;solitary;81;9;73;3;massive;protected;clear;unattached;NA;NA;NA;NA
Cycloseris_cyclolites;solitary;35.7;16.0333333333333;30;6.5;massive;protected;clear;unattached;NA;NA;NA;NA
Cycloseris_distorta;solitary;40;4;85;12;massive;exposed;clear;unattached;NA;gonochore;spawner;NA
Cycloseris_explanulata;solitary;4.5;NA;31.6666666666667;18.3333333333333;laminar;protected;clear;unattached;NA;NA;NA;NA
Cycloseris_fragilis;solitary;48;7;33.3333333333333;11.8333333333333;massive;broad;clear;unattached;NA;NA;NA;NA
Cycloseris_hexagonalis;solitary;29;9;25;10;massive;protected;clear;unattached;NA;NA;NA;NA
Cycloseris_mokai;solitary;7.5;8.66666666666667;27;6;massive;broad;clear;unattached;NA;NA;NA;NA
Cycloseris_sinensis;solitary;54.8;NA;40;9;massive;protected;clear;unattached;NA;NA;NA;NA
Cycloseris_somervillei;solitary;135.2;13;35;25;massive;protected;clear;unattached;NA;NA;NA;NA
Cycloseris_tenuis;solitary;46.7;NA;27;1;massive;protected;clear;unattached;NA;NA;NA;NA
Cycloseris_vaughani;solitary;58.5;NA;28;20;massive;protected;clear;unattached;NA;NA;NA;NA
Cycloseris_wellsi;solitary;2.5;NA;58;NA;laminar;protected;clear;unattached;NA;NA;NA;NA
Cynarina_lacrymalis;solitary;85;NA;70;NA;massive;protected;clear;both;NA;hermaphrodite;spawner;NA
Cyphastrea_agassizi;colonial;2.2;NA;20;3;massive;broad;clear;attached;NA;NA;NA;NA
Cyphastrea_chalcidicum;colonial;2.8;100;50;0;massive;broad;clear;attached;NA;hermaphrodite;spawner;NA
Cyphastrea_decadia;colonial;2.8;NA;40;3;branching_closed;broad;clear;attached;NA;NA;NA;NA
Cyphastrea_hexasepta;colonial;1;NA;25;8;massive;broad;clear;attached;NA;NA;NA;NA
Cyphastrea_japonica;colonial;1.9;NA;20;2;submassive;exposed;clear;attached;NA;NA;NA;NA
Cyphastrea_microphthalma;colonial;2.7;NA;24;1;massive;broad;clear;attached;NA;hermaphrodite;spawner;NA
Cyphastrea_ocellina;colonial;2.5;NA;20;5;massive;exposed;clear;attached;NA;hermaphrodite;brooder;3.255
Cyphastrea_serailia;colonial;2.4;NA;38.75;2.75;massive;broad;clear;attached;NA;hermaphrodite;spawner;3
Danafungia_horrida;solitary;204;20;25;1;massive;broad;clear;unattached;NA;gonochore;spawner;NA
Danafungia_scruposa;solitary;111;24;41;1;massive;protected;clear;unattached;NA;gonochore;spawner;NA
Dendrogyra_cylindrus;colonial;4.2;200;22.5;1.5;columnar;broad;clear;attached;NA;gonochore;spawner;19.125
Dichocoenia_stokesi;colonial;11.2;34.395;56;2;massive;broad;clear;attached;2.04;gonochore;spawner;NA
Diploastrea_heliopora;colonial;9;633.333333333333;30;0;massive;broad;clear;attached;NA;gonochore;spawner;2.39285185185185
Diploria_labyrinthiformis;colonial;5.8;32.33;43;0.5;massive;broad;clear;attached;1.31333333333333;hermaphrodite;spawner;4.1156
Dipsastraea_albida;colonial;12.1;NA;10;2;massive;exposed;clear;attached;NA;NA;NA;NA
Dipsastraea_amicorum;colonial;13.2;NA;20;0;massive;protected;clear;attached;NA;hermaphrodite;spawner;NA
Dipsastraea_danai;colonial;9.2;NA;20;3;massive;broad;both;attached;NA;NA;NA;NA
Dipsastraea_favus;colonial;10;37;40;1;massive;protected;clear;attached;NA;NA;NA;NA
Dipsastraea_helianthoides;colonial;9;NA;20;1;submassive;protected;clear;attached;NA;NA;spawner;NA
Dipsastraea_lacuna;colonial;9.8;100;15;1;massive;exposed;clear;attached;NA;NA;NA;NA
Dipsastraea_laddi;colonial;6.8;NA;10;0;massive;protected;clear;attached;NA;NA;NA;NA
Dipsastraea_laxa;colonial;5.8;NA;25;1;massive;protected;clear;attached;NA;hermaphrodite;spawner;NA
Dipsastraea_lizardensis;colonial;16.7;100;20;1;massive;exposed;clear;attached;NA;hermaphrodite;spawner;NA
Dipsastraea_maritima;colonial;18.8;NA;30;5;massive;protected;clear;attached;NA;NA;NA;NA
Dipsastraea_marshae;colonial;19.3;60;15;5;massive;broad;clear;attached;NA;NA;NA;NA
Dipsastraea_matthaii;colonial;13.8;NA;40;30;massive;exposed;clear;attached;NA;hermaphrodite;spawner;NA
Dipsastraea_maxima;colonial;29;NA;22.5;2.5;massive;exposed;clear;attached;NA;NA;NA;NA
Dipsastraea_pallida;colonial;10.2;NA;46.6666666666667;1.66666666666667;massive;broad;clear;attached;1.43;hermaphrodite;spawner;4.53333333333333
Dipsastraea_rosaria;colonial;9.3;100;20;5;encrusting;protected;clear;attached;NA;NA;NA;NA
Dipsastraea_rotumana;colonial;14.2;NA;17.5;3;massive;exposed;clear;attached;NA;hermaphrodite;spawner;NA
Dipsastraea_speciosa;colonial;9.9;75;35;3.66666666666667;massive;broad;clear;attached;NA;hermaphrodite;spawner;6.36153846153846
Dipsastraea_truncata;colonial;10.5;NA;20;0;massive;broad;clear;attached;NA;NA;NA;NA
Dipsastraea_veroni;colonial;17.5;NA;25;3;massive;protected;clear;attached;NA;hermaphrodite;spawner;NA
Dipsastraea_vietnamensis;colonial;14.1;NA;20;0;massive;protected;clear;attached;NA;NA;NA;NA
Dipsastrea_faviaformis;colonial;20.6;20;12;2;massive;broad;clear;attached;NA;NA;NA;NA
Duncanopsammia_axifuga;colonial;10.5;NA;30;8;branching_closed;protected;clear;attached;NA;NA;NA;NA
Duncanopsammia_peltata;colonial;4.8;NA;30;0.75;laminar;protected;turbid;attached;NA;NA;NA;NA
Echinomorpha_nishihirai;both;115.5;NA;40;NA;encrusting;protected;clear;attached;NA;NA;spawner;NA
Echinophyllia_aspera;colonial;10.9;NA;56.6666666666667;8.5;laminar;broad;clear;attached;NA;hermaphrodite;spawner;NA
Echinophyllia_costata;colonial;6;80;10;5;laminar;broad;clear;attached;NA;NA;NA;NA
Echinophyllia_echinata;colonial;12.9;NA;40;5;laminar;protected;clear;attached;NA;NA;NA;NA
Echinophyllia_echinoporoides;colonial;5.7;NA;30;3;encrusting;protected;turbid;attached;NA;NA;NA;NA
Echinophyllia_orpheensis;colonial;10.1;45;30;1;submassive;broad;both;attached;NA;hermaphrodite;spawner;NA
Echinophyllia_patula;colonial;7;NA;40;10;laminar;protected;clear;attached;NA;NA;NA;NA
Echinophyllia_pectinata;colonial;14.5;NA;40;5;encrusting;protected;turbid;attached;NA;NA;NA;NA
Echinopora_ashmorensis;colonial;5.1;200;20;3;encrusting_long_uprights;protected;clear;attached;NA;hermaphrodite;spawner;NA
Echinopora_forskaliana;colonial;5.8;NA;20;1;massive;broad;clear;attached;NA;NA;NA;NA
Echinopora_fruticulosa;colonial;4.8;200;20;1;branching_closed;broad;clear;attached;NA;NA;NA;NA
Echinopora_gemmacea;colonial;4.2;NA;35;1;laminar;protected;clear;attached;NA;hermaphrodite;spawner;NA
Echinopora_hirsutissima;colonial;4.2;NA;40;0;submassive;broad;clear;attached;NA;NA;NA;NA
Echinopora_horrida;colonial;2.4;500;25;3;encrusting_long_uprights;protected;clear;attached;NA;hermaphrodite;spawner;NA
Echinopora_irregularis;colonial;4.2;NA;4;1;digitate;protected;clear;attached;NA;NA;NA;NA
Echinopora_lamellosa;colonial;3.4;500;35;2;laminar;broad;clear;attached;NA;hermaphrodite;spawner;NA
Echinopora_mammiformis;colonial;8.9;500;15;3;encrusting_long_uprights;protected;clear;attached;NA;NA;NA;NA
Echinopora_pacificus;colonial;4.6;NA;15;1;laminar;broad;clear;attached;NA;hermaphrodite;spawner;NA
Echinopora_robusta;colonial;8.6;NA;25;1;massive;broad;clear;attached;NA;NA;NA;NA
Echinopora_taylorae;colonial;5;NA;12;12;laminar;broad;clear;attached;NA;NA;NA;NA
Echinopora_tiranensis;colonial;3.5;NA;15;15;digitate;broad;clear;attached;NA;NA;NA;NA
Erythrastrea_flabellata;colonial;14;100;25;5;massive;protected;clear;attached;NA;NA;NA;NA
Euphyllia_ancora;colonial;45;100;30;6;massive;exposed;clear;attached;NA;gonochore;spawner;NA
Euphyllia_cristata;colonial;25;12;35;1;massive;broad;clear;attached;NA;NA;NA;NA
Euphyllia_divisa;colonial;22;100;35;2;massive;protected;turbid;attached;NA;NA;spawner;NA
Euphyllia_glabrescens;colonial;19;NA;27.5;2;massive;broad;clear;attached;NA;NA;brooder;NA
Euphyllia_paraancora;colonial;30;NA;30;3;massive;protected;clear;attached;NA;NA;spawner;NA
Euphyllia_paradivisa;colonial;45;NA;20;5;massive;protected;clear;attached;NA;NA;NA;NA
Euphyllia_paraglabrescens;colonial;51;NA;15;5;massive;broad;clear;attached;NA;NA;NA;NA
Euphyllia_yaeyamaensis;colonial;25.2;NA;30;6;massive;broad;clear;attached;NA;NA;NA;NA
Eusmilia_fastigiata;colonial;20.9;129.955;56.6666666666667;1;massive;protected;clear;attached;NA;gonochore;spawner;NA
Favia_fragum;colonial;5.8;4.18;25;0.35;massive;exposed;clear;attached;NA;hermaphrodite;brooder;NA
Favites_abdita;colonial;15;100;26.6666666666667;2;massive;broad;both;attached;NA;hermaphrodite;spawner;0.8
Favites_acuticollis;colonial;9.3;NA;20;0;massive;broad;clear;attached;NA;NA;NA;NA
Favites_chinensis;colonial;12.5;NA;20;0;massive;broad;clear;attached;NA;hermaphrodite;spawner;NA
Favites_colemani;colonial;7.8;40;20;0;encrusting;broad;both;attached;NA;NA;NA;NA
Favites_complanata;colonial;18.8;NA;27.5;3;massive;broad;both;attached;NA;hermaphrodite;spawner;NA
Favites_flexuosa;colonial;18.8;NA;20;5.5;massive;broad;clear;attached;NA;hermaphrodite;spawner;NA
Favites_halicora;colonial;16.8;NA;55;NA;massive;broad;clear;attached;NA;hermaphrodite;spawner;NA
Favites_magnistellata;colonial;12.1;200;30;2;massive;protected;clear;attached;NA;hermaphrodite;spawner;NA
Favites_melicerum;NA;8.1;NA;20;3;NA;broad;clear;NA;NA;NA;NA;NA
Favites_micropentagonus;colonial;5.2;50;20;0;submassive;exposed;clear;attached;NA;NA;NA;NA
Favites_paraflexuosus;colonial;16.2;60;20;1;massive;broad;clear;attached;NA;NA;NA;NA
Favites_pentagona;colonial;8.5;100;45;3.5;submassive;broad;clear;attached;NA;hermaphrodite;spawner;NA
Favites_rotundata;colonial;21.2;NA;20;1;massive;protected;clear;attached;NA;NA;NA;NA
Favites_spinosa;colonial;8.2;NA;10;0;massive;broad;clear;attached;NA;NA;NA;NA
Favites_stylifera;colonial;6.8;NA;20;3;submassive;exposed;clear;attached;NA;NA;NA;NA
Favites_valenciennesi;colonial;10;NA;30;1;submassive;broad;both;attached;NA;hermaphrodite;spawner;NA
Favites_vasta;colonial;17.5;NA;20;1;massive;broad;clear;attached;NA;NA;NA;NA
Fungia_fungites;solitary;158;28;50;0;massive;broad;clear;unattached;NA;gonochore;spawner;NA
Galaxea_acrhelia;colonial;5.4;125;15;3;branching_closed;broad;clear;attached;NA;NA;NA;NA
Galaxea_astreata;colonial;3.7;166.666666666667;35;9;submassive;protected;turbid;attached;NA;gonochore;spawner;NA
Galaxea_cryptoramosa;colonial;4.6;30;15;5;branching_closed;protected;clear;attached;NA;NA;NA;NA
Galaxea_fascicularis;colonial;10.7;500;19.25;1.25;massive;protected;clear;attached;NA;gonochore;spawner;NA
Galaxea_horrescens;colonial;2.9;200;25;5;branching_closed;broad;clear;attached;NA;NA;brooder;NA
Galaxea_longisepta;colonial;7.6;15;20;5;encrusting;protected;clear;attached;NA;NA;NA;NA
Galaxea_paucisepta;colonial;3.1;NA;20;5;encrusting;protected;clear;attached;NA;NA;NA;NA
Gardineroseris_planulata;colonial;5;NA;25;8.66666666666667;massive;protected;clear;attached;1.63;gonochore;spawner;9.9
Goniastrea_columella;colonial;17.5;NA;15;2;submassive;exposed;clear;attached;NA;NA;NA;NA
Goniastrea_edwardsi;colonial;5;100;30;0;massive;broad;clear;attached;NA;hermaphrodite;spawner;9.8625
Goniastrea_favulus;colonial;7.5;NA;15;0;massive;broad;clear;attached;NA;hermaphrodite;spawner;4.05
Goniastrea_minuta;colonial;5.9;NA;15;1;submassive;broad;clear;attached;NA;hermaphrodite;spawner;NA
Goniastrea_pectinata;colonial;15;NA;35;4.25;submassive;broad;clear;attached;NA;hermaphrodite;spawner;NA
Goniastrea_ramosa;colonial;7.4;30;15;1;encrusting_long_uprights;protected;clear;attached;NA;NA;NA;NA
Goniastrea_retiformis;colonial;6.5;100;14;1;massive;exposed;clear;attached;1.7;hermaphrodite;spawner;7.27
Goniastrea_stelligera;colonial;5.1;NA;23.3333333333333;1.66666666666667;massive;exposed;clear;attached;NA;hermaphrodite;spawner;10
Goniastrea_thecata;colonial;8.4;100;15;0;massive;exposed;clear;attached;NA;NA;NA;NA
Goniopora_albiconus;colonial;3.2;100;30;3;encrusting;broad;clear;attached;NA;NA;NA;NA
Goniopora_burgosi;colonial;1.7;NA;30;2;submassive;broad;clear;attached;NA;NA;NA;NA
Goniopora_cellulosa;colonial;4.1;NA;20;3;massive;broad;clear;attached;NA;NA;NA;NA
Goniopora_ciliatus;colonial;3.8;500;30;1;columnar;exposed;clear;attached;NA;NA;NA;NA
Goniopora_columna;colonial;3.7;NA;15;2;columnar;protected;turbid;attached;NA;gonochore;spawner;NA
Goniopora_djiboutiensis;colonial;4.7;NA;39;3;columnar;protected;turbid;attached;NA;gonochore;spawner;NA
Goniopora_eclipsensis;colonial;3.1;NA;20;2;columnar;broad;clear;attached;NA;NA;NA;NA
Goniopora_fruticosa;colonial;3.7;NA;25;5;encrusting;protected;clear;attached;NA;NA;NA;NA
Goniopora_lobata;colonial;4.6;NA;25;1.25;columnar;protected;turbid;attached;NA;gonochore;spawner;NA
Goniopora_minor;colonial;2.5;NA;30;0.5;encrusting;protected;clear;attached;NA;gonochore;spawner;NA
Goniopora_norfolkensis;colonial;2.4;NA;30;1;encrusting;broad;clear;attached;NA;gonochore;spawner;NA
Goniopora_paliformis;colonial;2.7;NA;NA;NA;massive;broad;clear;attached;NA;NA;NA;NA
Goniopora_palmensis;colonial;2.4;NA;20;1;submassive;broad;clear;attached;NA;NA;NA;NA
Goniopora_pandoraensis;colonial;2.7;NA;20;1;columnar;broad;turbid;attached;NA;NA;NA;NA
Goniopora_pearsoni;colonial;3.3;200;NA;NA;massive;broad;clear;attached;NA;NA;NA;NA
Goniopora_pendulus;colonial;5.6;NA;20;1;massive;protected;turbid;attached;NA;NA;NA;NA
Goniopora_planulata;colonial;3.1;NA;20;2;columnar;broad;clear;attached;NA;NA;NA;NA
Goniopora_savignyi;colonial;2.2;NA;20;3;columnar;broad;clear;attached;NA;gonochore;spawner;NA
Goniopora_somaliensis;colonial;3.1;200;30;0.5;encrusting;protected;clear;attached;NA;NA;NA;NA
Goniopora_stokesi;colonial;4.7;10;25;1.5;columnar;protected;clear;both;NA;NA;NA;NA
Goniopora_sultani;colonial;7.8;NA;20;3;columnar;exposed;clear;attached;NA;NA;NA;NA
Goniopora_tantillus;NA;2.9;NA;22;4;NA;broad;clear;NA;NA;NA;NA;NA
Goniopora_tenella;colonial;2.9;NA;25;11.5;encrusting;broad;clear;attached;NA;NA;NA;NA
Goniopora_tenuidens;colonial;NA;NA;40;2;massive;protected;clear;attached;NA;gonochore;spawner;NA
Gyrosmilia_interrupta;colonial;8.1;50;30;15.5;submassive;protected;clear;attached;NA;NA;NA;NA
Halomitra_clavator;colonial;5.3;NA;25;5;massive;protected;clear;unattached;NA;NA;NA;NA
Halomitra_pileus;colonial;4.8;60;25;3;massive;broad;clear;unattached;NA;gonochore;spawner;NA
Heliofungia_actiniformis;solitary;142;20;25;1;massive;protected;turbid;unattached;NA;NA;NA;5.76
Heliofungia_fralinae;NA;90;NA;27;3;NA;broad;clear;NA;NA;NA;NA;NA
Helioseris_cucullata;NA;NA;24;40;10;NA;broad;clear;NA;NA;NA;NA;NA
Herpolitha_limax;colonial;370;NA;33.3333333333333;9.5;massive;broad;clear;unattached;NA;gonochore;spawner;10
Heterocyathus_aequicostatus;solitary;5.6;NA;100;15;massive;protected;clear;unattached;NA;gonochore;spawner;NA
Heteropsammia_cochlea;colonial;7.3;NA;100;10;massive;protected;both;unattached;NA;gonochore;spawner;NA
Homophyllia_australis;both;75;4.3;40;10;massive;exposed;clear;attached;NA;NA;NA;NA
Homophyllia_bowerbanki;colonial;25;175;20;2;massive;protected;clear;attached;NA;NA;NA;NA
Homophyllia_hillae;colonial;85.7;150;20;2;massive;protected;clear;attached;NA;hermaphrodite;spawner;NA
Horastrea_indica;colonial;13.8;NA;40;30;massive;protected;clear;attached;NA;NA;NA;NA
Hydnophora_bonsai;colonial;4.5;NA;15;5;digitate;exposed;clear;attached;NA;NA;NA;NA
Hydnophora_exesa;colonial;4.5;100;42.5;30;submassive;protected;clear;attached;NA;hermaphrodite;spawner;NA
Hydnophora_grandis;colonial;4.7;NA;25;2;encrusting_long_uprights;broad;clear;attached;NA;NA;NA;NA
Hydnophora_microconos;colonial;7.2;NA;32.5;1.5;massive;protected;clear;attached;NA;hermaphrodite;spawner;11.5
Hydnophora_pilosa;colonial;8;NA;30;5;columnar;protected;clear;attached;NA;hermaphrodite;spawner;NA
Hydnophora_rigida;colonial;6.7;NA;40;0;branching_closed;protected;clear;attached;NA;hermaphrodite;spawner;71
Hydnophyllia_wilsoni;colonial;30;NA;15;3;massive;exposed;clear;attached;NA;hermaphrodite;spawner;NA
Indophyllia_macassarensis;solitary;NA;4.5;25;20;massive;protected;clear;unattached;NA;NA;NA;NA
Isophyllia_rigida;colonial;18.2;5.78;20;2;massive;exposed;clear;attached;NA;NA;NA;NA
Isophyllia_sinuosa;colonial;11.2;8.27;15;1;massive;protected;clear;attached;NA;NA;brooder;NA
Isopora_brueggemanni;colonial;1.6;NA;25;1;branching_open;exposed;clear;attached;NA;hermaphrodite;brooder;74.8
Isopora_crateriformis;colonial;0.8;86.6666666666667;20;1;encrusting;exposed;clear;attached;NA;NA;NA;NA
Isopora_cuneata;colonial;1;20;12;0;encrusting;exposed;clear;attached;NA;hermaphrodite;brooder;NA
Isopora_elizabethensis;colonial;NA;NA;20;1;branching_open;exposed;both;attached;NA;NA;NA;NA
Isopora_palifera;colonial;1.4;NA;25.25;1.5;branching_open;broad;clear;attached;1.52;hermaphrodite;brooder;NA
Isopora_togianensis;colonial;1.2;150;22.5;8;branching_open;exposed;clear;attached;NA;hermaphrodite;brooder;NA
Leptastrea_aequalis;colonial;2.8;20;20;2;encrusting;broad;clear;attached;NA;NA;NA;NA
Leptastrea_bewickensis;colonial;4.2;100;20;6;encrusting;protected;clear;attached;NA;NA;NA;NA
Leptastrea_bottae;colonial;3.5;NA;30;2;encrusting;broad;clear;attached;NA;gonochore;spawner;NA
Leptastrea_inaequalis;colonial;4.1;NA;20;0;massive;broad;clear;attached;NA;NA;NA;NA
Leptastrea_pruinosa;colonial;3.6;NA;40;0;encrusting;broad;clear;attached;NA;NA;NA;NA
Leptastrea_purpurea;colonial;10;100;23;0.75;encrusting;broad;clear;attached;NA;gonochore;spawner;NA
Leptastrea_transversa;colonial;9.2;NA;30;1.33333333333333;encrusting;broad;clear;attached;NA;NA;NA;NA
Leptoria_irregularis;colonial;6.3;150;20;2;encrusting;exposed;clear;attached;NA;NA;NA;NA
Leptoria_phrygia;colonial;3.5;NA;18.3333333333333;1;massive;broad;clear;attached;1.61;hermaphrodite;spawner;NA
Leptoseris_amitoriensis;colonial;3.7;NA;30;15;laminar;protected;clear;attached;NA;NA;NA;NA
Leptoseris_cailleti;colonial;3.5;NA;150;30;laminar;protected;clear;attached;NA;NA;NA;NA
Leptoseris_cucullata;colonial;2.9;NA;65;3;laminar;broad;clear;attached;2.2375;NA;NA;NA
Leptoseris_explanata;colonial;4;NA;45;14.5;laminar;protected;clear;attached;NA;NA;spawner;NA
Leptoseris_foliosa;colonial;1.4;NA;30;15;laminar;protected;clear;attached;NA;NA;NA;NA
Leptoseris_gardineri;colonial;2.5;866.666666666667;70;10;laminar;protected;clear;attached;NA;NA;NA;NA
Leptoseris_hawaiiensis;colonial;3.2;NA;107;33.6666666666667;encrusting;protected;clear;attached;NA;NA;NA;NA
Leptoseris_incrustans;colonial;4.4;NA;50;21.5;encrusting;broad;clear;attached;NA;NA;NA;NA
Leptoseris_mycetoseroides;colonial;4.4;133.333333333333;60;18;laminar;protected;clear;attached;NA;NA;NA;NA
Leptoseris_papyracea;colonial;4.4;NA;89;1;laminar;protected;clear;attached;NA;NA;NA;NA
Leptoseris_scabra;colonial;6.3;NA;81;14;encrusting;protected;clear;attached;NA;NA;NA;NA
Leptoseris_solida;colonial;3.8;NA;50;35;encrusting;protected;clear;attached;NA;NA;NA;NA
Leptoseris_striata;colonial;4;7.5;103;NA;encrusting;protected;clear;attached;NA;NA;NA;NA
Leptoseris_tubulifera;colonial;2.5;NA;67.5;39.5;encrusting;protected;clear;attached;NA;NA;NA;NA
Leptoseris_yabei;colonial;3.7;100;62;13;laminar;protected;clear;attached;NA;NA;NA;NA
Lithophyllon_concinna;solitary;160;16;50;1;massive;protected;clear;unattached;NA;gonochore;spawner;NA
Lithophyllon_ranjithi;NA;NA;NA;20;10;NA;protected;clear;NA;NA;NA;NA;NA
Lithophyllon_repanda;solitary;150;30;35;1;massive;protected;clear;unattached;NA;gonochore;spawner;NA
Lithophyllon_scabra;solitary;78;NA;24;1;massive;protected;clear;unattached;NA;NA;NA;NA
Lithophyllon_spinifer;solitary;118;12.5;40;18;massive;broad;clear;unattached;NA;NA;NA;NA
Lithophyllon_undulatum;colonial;5.1;50;20;1;encrusting;broad;clear;attached;NA;NA;NA;NA
Lobactis_scutaria;solitary;169;17;40;15;massive;exposed;clear;unattached;NA;gonochore;spawner;NA
Lobophyllia_corymbosa;colonial;47.5;125;37.5;3.5;massive;exposed;clear;attached;NA;NA;NA;NA
Lobophyllia_dentata;colonial;32.6;200;10;2;massive;exposed;clear;attached;NA;NA;NA;NA
Lobophyllia_diminuta;colonial;42.5;NA;10;1;massive;broad;clear;attached;NA;NA;NA;NA
Lobophyllia_flabelliformis;colonial;59.5;200;30;3;massive;broad;clear;attached;NA;NA;NA;NA
Lobophyllia_hataii;colonial;30;NA;30;1.5;massive;protected;clear;attached;NA;NA;NA;NA
Lobophyllia_hemprichii;colonial;26.8;500;36.6666666666667;0.666666666666667;massive;exposed;clear;attached;NA;hermaphrodite;spawner;NA
Lobophyllia_pachysepta;colonial;32.6;50;30;3;massive;protected;clear;attached;NA;hermaphrodite;spawner;NA
Lobophyllia_robusta;colonial;47.5;NA;40;2;massive;broad;both;attached;NA;NA;NA;NA
Lobophyllia_serrata;colonial;40.2;200;15;4;massive;protected;clear;attached;NA;NA;NA;NA
Madracis_asanoi;colonial;2.5;NA;183;50;branching_closed;protected;clear;attached;NA;NA;NA;NA
Madracis_asperula;colonial;2.1;NA;64;2;branching_closed;protected;clear;attached;NA;NA;NA;16.22
Madracis_auretenra;NA;NA;NA;50;2;NA;broad;clear;NA;NA;NA;NA;NA
Madracis_carmabi;NA;NA;NA;40;20;NA;protected;clear;NA;NA;NA;NA;NA
Madracis_decactis;colonial;2.2;9;84;3;digitate;broad;turbid;attached;NA;hermaphrodite;NA;NA
Madracis_formosa;colonial;1.6;10.23;35;15;columnar;protected;clear;attached;NA;hermaphrodite;brooder;NA
Madracis_kirbyi;colonial;2.6;125;37.5;2;digitate;broad;turbid;attached;NA;NA;NA;NA
Madracis_mirabilis;colonial;1.5;14.66;NA;NA;branching_closed;broad;clear;attached;NA;hermaphrodite;brooder;NA
Madracis_pharensis;colonial;2.1;NA;97;12.5;digitate;protected;clear;attached;NA;hermaphrodite;brooder;NA
Madracis_senaria;colonial;1.8;NA;30;12;encrusting;protected;clear;attached;NA;hermaphrodite;brooder;NA
Manicina_areolata;colonial;15.1;7.675;65;0.5;massive;broad;clear;both;NA;hermaphrodite;brooder;NA
Meandrina_braziliensis;colonial;13.3;NA;15;5;massive;protected;clear;unattached;NA;NA;NA;NA
Meandrina_meandrites;colonial;13.5;16.3;66.6666666666667;0.333333333333333;submassive;broad;clear;attached;NA;gonochore;spawner;1.14666666666667
Merulina_ampliata;colonial;6.2;NA;35;4.5;laminar;broad;clear;attached;NA;hermaphrodite;spawner;1.8745
Merulina_scabricula;colonial;3.5;NA;40;1;laminar;exposed;clear;attached;NA;NA;NA;NA
Merulina_scheeri;colonial;8.2;30;45;2;digitate;broad;clear;attached;NA;NA;NA;NA
Merulina_triangularis;colonial;8.8;266.666666666667;20;3;branching_closed;protected;clear;attached;NA;hermaphrodite;spawner;NA
Micromussa_amakusensis;colonial;11.5;NA;30;1;encrusting;protected;clear;attached;NA;NA;spawner;NA
Micromussa_diminuta;colonial;4;30;15;3;massive;broad;clear;attached;NA;NA;NA;NA
Micromussa_lordhowensis;colonial;13.5;NA;30;1;massive;protected;clear;attached;NA;hermaphrodite;spawner;NA
Micromussa_minuta;colonial;6.4;NA;30;1;massive;broad;clear;attached;NA;NA;NA;NA
Micromussa_multipunctata;colonial;9.3;30;15;1;encrusting;protected;turbid;attached;NA;NA;NA;NA
Montastraea_cavernosa;colonial;10;147.845;86;0.333333333333333;massive;broad;clear;attached;1.6;gonochore;NA;12.85
Montigyra_kenti;colonial;32;NA;NA;NA;massive;protected;turbid;attached;NA;NA;NA;NA
Montipora_aequituberculata;colonial;0.9;NA;21;1;laminar;broad;clear;attached;NA;hermaphrodite;spawner;NA
Montipora_altasepta;colonial;0.8;NA;10;1;branching_open;protected;clear;attached;NA;hermaphrodite;spawner;NA
Montipora_angulata;colonial;1.3;NA;20;1;branching_closed;protected;clear;attached;NA;NA;NA;NA
Montipora_aspergillus;colonial;0.8;NA;10;1;branching_closed;protected;clear;attached;NA;NA;NA;NA
Montipora_australiensis;colonial;0.1;NA;30;2;columnar;exposed;clear;attached;NA;NA;NA;NA
Montipora_cactus;colonial;1.2;NA;20;2;encrusting_long_uprights;protected;turbid;attached;NA;hermaphrodite;spawner;NA
Montipora_calcarea;colonial;0.9;NA;20;0;digitate;broad;clear;attached;NA;NA;NA;NA
Montipora_caliculata;colonial;1;NA;20;1;massive;broad;both;attached;NA;NA;NA;NA
Montipora_capitata;colonial;1;NA;45;23;encrusting_long_uprights;protected;turbid;attached;NA;hermaphrodite;spawner;25.80875
Montipora_capricornis;colonial;1;NA;20;2;laminar;protected;clear;attached;NA;hermaphrodite;spawner;NA
Montipora_cebuensis;colonial;0.8;NA;20;2;laminar;broad;clear;attached;NA;NA;NA;NA
Montipora_circumvallata;colonial;0.6;NA;11;2;digitate;broad;clear;attached;NA;NA;NA;NA
Montipora_cocosensis;colonial;1.4;NA;15;0;submassive;broad;clear;attached;NA;NA;NA;NA
Montipora_confusa;colonial;0.7;100;30;1;encrusting_long_uprights;broad;clear;attached;NA;NA;NA;NA
Montipora_corbettensis;colonial;0.8;NA;20;2;digitate;broad;clear;attached;NA;NA;NA;NA
Montipora_crassituberculata;colonial;1.5;NA;20;1;laminar;broad;clear;attached;NA;hermaphrodite;spawner;NA
Montipora_cryptus;colonial;0.7;NA;20;0;encrusting;broad;clear;attached;NA;NA;NA;NA
Montipora_danae;colonial;1.4;NA;50;0;laminar;broad;clear;attached;NA;hermaphrodite;spawner;NA
Montipora_delicatula;colonial;0.6;NA;15;2;laminar;exposed;clear;attached;NA;NA;NA;NA
Montipora_digitata;colonial;0.9;NA;5;0;branching_open;broad;clear;attached;NA;hermaphrodite;spawner;19.817
Montipora_dilatata;colonial;1.2;30;10;1;digitate;protected;clear;attached;NA;hermaphrodite;spawner;NA
Montipora_echinata;NA;0.8;NA;10;1;NA;broad;clear;NA;NA;NA;NA;NA
Montipora_efflorescens;colonial;1.2;NA;20;1;massive;exposed;clear;attached;NA;hermaphrodite;spawner;NA
Montipora_effusa;colonial;0.8;NA;20;1;submassive;broad;both;attached;NA;hermaphrodite;NA;NA
Montipora_flabellata;colonial;0.2;50;10;1;laminar;broad;clear;attached;NA;hermaphrodite;spawner;NA
Montipora_florida;colonial;0.8;NA;20;2;laminar;broad;turbid;attached;NA;NA;NA;NA
Montipora_floweri;colonial;0.9;NA;35;1;submassive;exposed;clear;attached;NA;NA;NA;NA
Montipora_foliosa;colonial;0.9;NA;41;0;laminar;protected;clear;attached;NA;hermaphrodite;spawner;32.5
Montipora_foveolata;colonial;2.9;NA;25;1;massive;broad;both;attached;NA;hermaphrodite;spawner;NA
Montipora_friabilis;colonial;1;NA;20;1;laminar;broad;turbid;attached;NA;NA;NA;NA
Montipora_gaimardi;colonial;0.8;NA;15;2;encrusting_long_uprights;broad;clear;attached;NA;hermaphrodite;NA;NA
Montipora_grisea;colonial;1.2;NA;20;3;massive;exposed;clear;attached;NA;hermaphrodite;spawner;NA
Montipora_hemispherica;colonial;0.9;200;20;1;digitate;broad;clear;attached;NA;NA;NA;NA
Montipora_hirsuta;colonial;0.5;NA;15;0;branching_open;broad;clear;attached;NA;NA;NA;NA
Montipora_hispida;colonial;1.4;NA;30;1;encrusting_long_uprights;protected;turbid;attached;NA;hermaphrodite;spawner;NA
Montipora_hodgsoni;colonial;0.6;NA;20;1;laminar;protected;clear;attached;NA;NA;NA;NA
Montipora_hoffmeisteri;colonial;1.1;NA;40;2;encrusting;broad;both;attached;NA;hermaphrodite;spawner;NA
Montipora_incrassata;colonial;1.4;NA;30;1;encrusting;exposed;clear;attached;NA;hermaphrodite;NA;NA
Montipora_informis;colonial;1.3;NA;15;1.5;massive;exposed;clear;attached;NA;hermaphrodite;spawner;NA
Montipora_kellyi;colonial;0.9;NA;15;5;branching_closed;broad;clear;attached;NA;NA;NA;NA
Montipora_lobulata;colonial;1.3;NA;20;1;submassive;broad;clear;attached;NA;NA;NA;NA
Montipora_mactanensis;colonial;0.9;NA;20;2;digitate;broad;clear;attached;NA;NA;NA;NA
Montipora_malampaya;colonial;0.7;NA;15;0;digitate;exposed;clear;attached;NA;hermaphrodite;spawner;NA
Montipora_meandrina;colonial;0.9;20;50;7;encrusting;exposed;clear;attached;NA;NA;NA;NA
Montipora_millepora;colonial;8;NA;47.5;10;encrusting;protected;clear;attached;NA;NA;NA;NA
Montipora_mollis;colonial;0.9;NA;40;1;massive;protected;turbid;attached;NA;hermaphrodite;spawner;NA
Montipora_monasteriata;colonial;1.1;NA;40;1;laminar;exposed;clear;attached;NA;hermaphrodite;spawner;NA
Montipora_niugini;colonial;0.7;30;35;5;digitate;protected;clear;attached;NA;NA;NA;NA
Montipora_nodosa;colonial;1.3;NA;30;1;massive;broad;clear;attached;NA;NA;NA;NA
Montipora_orientalis;colonial;1;NA;20;2;columnar;broad;clear;attached;NA;NA;NA;NA
Montipora_pachytuberculata;colonial;0.6;NA;10;1;branching_closed;protected;clear;attached;NA;NA;NA;NA
Montipora_palawanensis;colonial;0.7;200;40;2;laminar;exposed;clear;attached;NA;NA;NA;NA
Montipora_patula;colonial;0.7;200;10;1;laminar;broad;clear;attached;NA;hermaphrodite;spawner;NA
Montipora_peltiformis;colonial;0.9;NA;30;1;submassive;broad;clear;attached;NA;hermaphrodite;spawner;NA
Montipora_porites;colonial;0.9;NA;25;2;encrusting_long_uprights;protected;clear;attached;NA;NA;NA;NA
Montipora_samarensis;colonial;0.7;NA;15;0;branching_open;protected;clear;attached;NA;hermaphrodite;spawner;NA
Montipora_saudii;colonial;0.8;100;8;1;encrusting_long_uprights;broad;clear;attached;NA;NA;NA;NA
Montipora_setosa;colonial;0.8;NA;20;2;digitate;protected;clear;attached;NA;NA;NA;NA
Montipora_spongiosa;colonial;0.8;NA;20;1;branching_closed;broad;clear;attached;NA;NA;NA;NA
Montipora_spongodes;colonial;1.2;NA;22.5;1;encrusting;exposed;clear;attached;NA;NA;NA;NA
Montipora_spumosa;colonial;0.9;NA;30;0.5;encrusting;broad;both;attached;NA;hermaphrodite;spawner;NA
Montipora_stellata;colonial;0.9;NA;20;0;digitate;protected;turbid;attached;NA;hermaphrodite;spawner;NA
Montipora_stilosa;colonial;0.8;NA;50;0;submassive;broad;clear;attached;NA;NA;NA;NA
Montipora_taiwanensis;colonial;0.9;50;2;NA;submassive;exposed;clear;attached;NA;NA;NA;NA
Montipora_tuberculosa;colonial;1;NA;32.5;0.75;massive;broad;both;attached;NA;hermaphrodite;spawner;NA
Montipora_turgescens;colonial;1;NA;30;0;massive;broad;both;attached;NA;hermaphrodite;spawner;NA
Montipora_turtlensis;colonial;0.9;NA;20;1;digitate;protected;turbid;attached;NA;hermaphrodite;spawner;NA
Montipora_undata;colonial;1.2;NA;30;2;laminar;exposed;clear;attached;NA;NA;NA;26
Montipora_venosa;colonial;1.8;NA;30;1;massive;broad;both;attached;NA;hermaphrodite;spawner;NA
Montipora_verrilli;colonial;0.8;NA;40;0;encrusting;broad;clear;attached;NA;NA;NA;NA
Montipora_verrucosa;colonial;1.4;NA;37.5;1;laminar;exposed;clear;attached;NA;hermaphrodite;spawner;4.55590909090909
Montipora_verruculosa;colonial;0.8;200;20;2;encrusting;exposed;clear;attached;NA;NA;NA;NA
Montipora_vietnamensis;colonial;0.7;NA;15;1;digitate;broad;clear;attached;NA;NA;NA;NA
Moseleya_latistellata;colonial;73;25;10;0;submassive;protected;turbid;both;NA;hermaphrodite;spawner;NA
Mussa_angulosa;both;60;32.285;44.5;3.25;massive;broad;clear;attached;NA;hermaphrodite;NA;NA
Mussismilia_braziliensis;colonial;14.9;NA;NA;NA;massive;broad;clear;attached;NA;hermaphrodite;spawner;NA
Mussismilia_harttii;colonial;20;100;NA;NA;massive;protected;turbid;attached;NA;hermaphrodite;spawner;NA
Mussismilia_hispida;colonial;20.5;50;NA;NA;massive;protected;turbid;attached;NA;hermaphrodite;spawner;NA
Mussismilia_leptophylla;colonial;10.2;100;NA;NA;massive;broad;clear;attached;NA;NA;NA;NA
Mycedium_elephantotus;colonial;10;300;45;3;laminar;protected;clear;attached;NA;hermaphrodite;spawner;NA
Mycedium_mancaoi;colonial;7.2;NA;NA;NA;laminar;protected;clear;attached;NA;NA;NA;NA
Mycedium_robokaki;colonial;7.2;NA;NA;NA;laminar;protected;clear;attached;NA;hermaphrodite;NA;NA
Mycedium_steeni;colonial;3.1;30;30;5;laminar;protected;turbid;attached;NA;NA;NA;NA
Mycedium_umbra;colonial;17;100;30;5;encrusting;protected;clear;attached;NA;NA;NA;NA
Mycetophyllia_aliciae;colonial;20;13.62;62.5;14;massive;broad;clear;attached;NA;NA;NA;NA
Mycetophyllia_danaana;colonial;13.8;NA;27.5;15;encrusting;broad;clear;attached;NA;NA;NA;NA
Mycetophyllia_ferox;colonial;11;17.12;30;5;laminar;broad;clear;attached;NA;hermaphrodite;brooder;NA
Mycetophyllia_lamarckiana;colonial;18.5;9.14;63.3333333333333;10.3333333333333;encrusting;broad;clear;attached;NA;NA;NA;NA
Mycetophyllia_reesi;colonial;10;NA;76;20;laminar;protected;clear;attached;NA;NA;NA;NA
Nemenzophyllia_turbida;colonial;13;200;30;8;massive;protected;turbid;attached;NA;NA;NA;NA
Oculina_diffusa;colonial;5.7;NA;22.5;1.75;branching_closed;broad;clear;attached;NA;gonochore;NA;NA
Oculina_patagonica;colonial;3.3;NA;10;0.5;branching_closed;broad;clear;attached;NA;NA;NA;NA
Oculina_robusta;colonial;3.7;NA;20;0;branching_open;protected;turbid;attached;NA;NA;NA;NA
Oculina_tenella;NA;NA;NA;75;25;NA;broad;clear;NA;NA;NA;NA;NA
Oculina_valenciennesi;colonial;2.7;NA;30;5;branching_closed;exposed;clear;attached;NA;NA;NA;NA
Oculina_varicosa;colonial;4.1;50;152;3;branching_closed;protected;clear;attached;NA;gonochore;spawner;NA
Orbicella_annularis;colonial;3.8;409.935;70.6666666666667;0.266666666666667;massive;broad;clear;attached;1.70109467455621;hermaphrodite;spawner;7.08113468013468
Oulastrea_crispata;colonial;5.6;NA;10;0;encrusting;exposed;turbid;attached;NA;hermaphrodite;spawner;NA
Oulophyllia_bennettae;colonial;17.4;NA;30;1;massive;exposed;clear;attached;NA;NA;spawner;NA
Oulophyllia_crispa;colonial;11.6;100;40;2;massive;broad;clear;attached;NA;hermaphrodite;spawner;21
Oulophyllia_levis;colonial;18.1;NA;30;3;massive;broad;clear;attached;NA;NA;NA;NA
Oxypora_convoluta;colonial;7.3;200;30;5;laminar;protected;clear;attached;NA;NA;NA;NA
Oxypora_crassispinosa;colonial;8.8;NA;30;3;laminar;protected;clear;attached;NA;NA;NA;NA
Oxypora_egyptensis;colonial;11.3;100;NA;NA;submassive;broad;clear;attached;NA;NA;NA;NA
Oxypora_glabra;colonial;7.5;NA;40;3;laminar;protected;clear;attached;NA;hermaphrodite;spawner;NA
Oxypora_lacera;colonial;8.8;NA;30;3;laminar;protected;clear;attached;NA;hermaphrodite;spawner;NA
Pachyseris_foliosa;colonial;6.3;NA;25;10;laminar;protected;clear;attached;NA;gonochore;NA;NA
Pachyseris_gemmae;colonial;3.3;NA;25;10;laminar;protected;clear;attached;NA;NA;NA;NA
Pachyseris_involuta;colonial;4.1;NA;15;5;laminar;broad;clear;attached;NA;NA;NA;NA
Pachyseris_rugosa;colonial;4.8;633.333333333333;20;4;laminar;broad;turbid;attached;NA;gonochore;spawner;NA
Pachyseris_speciosa;colonial;4.6;2;56;22.5;laminar;broad;clear;attached;NA;gonochore;spawner;NA
Palauastrea_ramosa;colonial;1.2;NA;30;1;branching_closed;protected;turbid;attached;NA;NA;NA;NA
Paracyathus_stearnsii;NA;NA;NA;NA;NA;NA;protected;both;NA;NA;gonochore;spawner;NA
Paragoniastrea_australensis;colonial;10;NA;40;0;submassive;broad;clear;attached;NA;hermaphrodite;spawner;2.85
Paragoniastrea_deformis;colonial;8.8;NA;20;3;massive;exposed;clear;attached;NA;NA;spawner;NA
Paragoniastrea_russelli;colonial;16;NA;25;1;submassive;broad;both;attached;NA;hermaphrodite;spawner;NA
Paramontastraea_peresi;colonial;12.5;NA;35;9.33333333333333;massive;broad;clear;attached;NA;NA;NA;NA
Paramontastraea_salebrosa;colonial;4.7;NA;20;2;massive;protected;clear;attached;NA;NA;NA;NA
Paramontastraea_serageldini;colonial;5;80;25;1;massive;broad;clear;attached;NA;NA;NA;NA
Parascolymia_rowleyensis;colonial;13.4;NA;40;2;massive;protected;clear;attached;NA;NA;NA;NA
Parascolymia_vitiensis;both;70;11.1666666666667;36.6666666666667;15.6666666666667;massive;broad;clear;attached;NA;hermaphrodite;spawner;NA
Pavona_bipartita;colonial;3.1;100;20;3;submassive;broad;clear;attached;NA;NA;NA;NA
Pavona_cactus;colonial;1.4;1000;19;2;digitate;protected;turbid;attached;NA;gonochore;spawner;9.41166666666667
Pavona_chiriquiensis;NA;1.4;NA;30;3;NA;protected;clear;NA;NA;gonochore;spawner;NA
Pavona_clavus;colonial;3.4;2000;25;2;columnar;exposed;clear;attached;1.665;gonochore;spawner;14.2064516129032
Pavona_danai;NA;1.7;NA;15;0.5;NA;exposed;clear;NA;NA;NA;NA;NA
Pavona_decussata;colonial;3.5;20;12.3333333333333;2;digitate;broad;both;attached;NA;NA;NA;NA
Pavona_diffluens;colonial;2.6;NA;20;5;submassive;broad;clear;attached;NA;NA;NA;NA
Pavona_duerdeni;colonial;2.1;NA;15;3;massive;broad;clear;attached;NA;gonochore;spawner;NA
Pavona_explanulata;colonial;3;NA;22.5;11.5;laminar;broad;both;attached;NA;NA;NA;NA
Pavona_frondifera;colonial;2.6;NA;8.5;2.5;digitate;broad;clear;attached;NA;NA;NA;NA
Pavona_gigantea;colonial;5.7;NA;30;1;massive;protected;clear;attached;1.57666666666667;gonochore;spawner;9.12117647058824
Pavona_maldivensis;colonial;4.1;30;44;32.3333333333333;columnar;exposed;clear;attached;NA;NA;NA;NA
Pavona_minuta;colonial;3.3;550;55;NA;submassive;broad;clear;attached;NA;NA;NA;NA
Pavona_varians;colonial;9.3;NA;50;1.33333333333333;encrusting;broad;both;attached;1.965;gonochore;spawner;3.8
Pavona_venosa;colonial;9.3;NA;11;2;encrusting;broad;clear;attached;NA;NA;NA;NA
Pavona_xarifae;NA;NA;NA;20;0;NA;exposed;clear;NA;NA;NA;NA;NA
Pectinia_africanus;colonial;16.6;30;30;3;massive;broad;clear;attached;NA;NA;NA;NA
Pectinia_alcicornis;colonial;21.2;NA;25;5;digitate;protected;turbid;attached;NA;hermaphrodite;spawner;NA
Pectinia_elongata;colonial;11;NA;25;5;branching_closed;protected;turbid;attached;NA;NA;NA;NA
Pectinia_lactuca;colonial;30;100;17.5;6;encrusting;protected;turbid;attached;NA;hermaphrodite;spawner;NA
Pectinia_maxima;colonial;15;100;25;3;laminar;protected;turbid;attached;NA;NA;NA;NA
Pectinia_paeonia;colonial;35;100;22.5;6;laminar;protected;turbid;attached;NA;hermaphrodite;spawner;NA
Pectinia_pygmaeus;colonial;4.7;NA;30;5;branching_closed;protected;turbid;attached;NA;NA;NA;NA
Pectinia_teres;colonial;6.2;NA;30;5;branching_closed;protected;turbid;attached;NA;NA;NA;NA
Physogyra_lichtensteini;colonial;20;100;17.5;5;massive;protected;turbid;attached;NA;NA;NA;NA
Physophyllia_ayleni;colonial;15;NA;25;2;laminar;protected;clear;attached;NA;NA;NA;NA
Platygyra_acuta;colonial;5.2;NA;20;2;massive;broad;clear;attached;NA;hermaphrodite;NA;NA
Platygyra_carnosus;colonial;5;40;15;2;massive;broad;clear;attached;NA;NA;NA;NA
Platygyra_contorta;colonial;5.6;NA;20;2;massive;broad;both;attached;NA;hermaphrodite;spawner;NA
Platygyra_crosslandi;colonial;5.9;NA;20;2;massive;broad;clear;attached;NA;NA;NA;NA
Platygyra_daedalea;colonial;10;NA;30;4.5;massive;broad;clear;attached;NA;hermaphrodite;spawner;22
Platygyra_lamellina;colonial;9.1;NA;30;1;massive;broad;clear;attached;NA;hermaphrodite;spawner;7.4
Platygyra_pini;colonial;7.2;NA;30;0;massive;broad;clear;attached;NA;hermaphrodite;spawner;NA
Platygyra_ryukyuensis;colonial;3.3;NA;30;2;massive;broad;clear;attached;NA;hermaphrodite;spawner;NA
Platygyra_sinensis;colonial;6.7;NA;30;0;massive;broad;clear;attached;NA;hermaphrodite;spawner;8.36666666666667
Platygyra_verweyi;colonial;4.7;NA;20;1;massive;exposed;clear;attached;NA;NA;NA;NA
Platygyra_yaeyamaensis;NA;5.1;NA;20;1;NA;broad;clear;NA;NA;NA;NA;NA
Plerogyra_discus;colonial;20.8;30;15;8;massive;protected;clear;attached;NA;NA;NA;NA
Plerogyra_simplex;colonial;20;NA;30;3;branching_closed;protected;turbid;attached;NA;NA;NA;NA
Plerogyra_sinuosa;colonial;30;100;30;2.5;massive;protected;clear;attached;NA;NA;NA;NA
Plesiastrea_versipora;colonial;4.6;233.333333333333;30;13.3333333333333;massive;protected;clear;attached;NA;gonochore;spawner;4.1375
Pleuractis_granulosa;solitary;120;13.5;46.5;28.5;massive;protected;clear;unattached;NA;gonochore;spawner;5.72565891472868
Pleuractis_moluccensis;solitary;160;NA;30;3;massive;protected;turbid;attached;NA;NA;NA;NA
Pleuractis_paumotensis;solitary;235;25;30;11;massive;protected;clear;unattached;NA;gonochore;spawner;NA
Pleuractis_seychellensis;solitary;88.8;15;25;5;massive;broad;clear;unattached;NA;NA;NA;NA
Pleuractis_taiwanensis;solitary;193;28;35;15;massive;broad;clear;unattached;NA;NA;NA;NA
Pocillopora_ankeli;colonial;1;NA;10;1;branching_closed;broad;clear;attached;NA;NA;NA;NA
Pocillopora_capitata;colonial;0.4;NA;20;1;branching_open;exposed;clear;attached;NA;NA;NA;NA
Pocillopora_damicornis;colonial;1;200;25.2857142857143;4;branching_closed;broad;both;attached;1.92666666666667;hermaphrodite;NA;29.77421875
Pocillopora_danae;colonial;1.2;100;15;1;branching_open;protected;clear;attached;NA;NA;NA;8.2
Pocillopora_effusa;colonial;1.1;200;NA;NA;branching_open;broad;clear;attached;NA;NA;NA;NA
Pocillopora_elegans;colonial;1;NA;25;0.5;branching_closed;broad;clear;attached;1.93;hermaphrodite;spawner;36.9
Pocillopora_eydouxi;colonial;1;100;20;2;branching_open;exposed;clear;attached;NA;hermaphrodite;spawner;43.6
Pocillopora_fungiformis;colonial;0.8;200;15;0.5;encrusting_long_uprights;exposed;clear;attached;NA;NA;NA;NA
Pocillopora_indiania;colonial;1.2;100;20;2;branching_closed;broad;clear;attached;NA;NA;NA;NA
Pocillopora_inflata;colonial;1;NA;10;1;branching_closed;exposed;clear;attached;NA;NA;NA;31.5
Pocillopora_kelleheri;colonial;1.2;NA;40;5;branching_open;exposed;clear;attached;NA;NA;NA;NA
Pocillopora_ligulata;colonial;0.8;50;NA;NA;branching_closed;exposed;clear;attached;NA;NA;NA;NA
Pocillopora_meandrina;colonial;0.7;100;27;1;branching_closed;broad;clear;attached;NA;hermaphrodite;spawner;21.72025
Pocillopora_molokensis;colonial;1.3;NA;55;NA;branching_closed;protected;clear;attached;NA;NA;NA;NA
Pocillopora_verrucosa;colonial;0.7;50;37.25;1;branching_closed;broad;clear;attached;NA;hermaphrodite;spawner;29.46
Pocillopora_woodjonesi;colonial;1.1;NA;26;2;branching_open;exposed;clear;attached;NA;NA;NA;NA
Pocillopora_zelli;colonial;1.2;NA;15;2;branching_open;exposed;clear;attached;NA;NA;NA;NA
Podabacia_crustacea;colonial;3;150;35;3;encrusting;broad;clear;attached;NA;gonochore;NA;NA
Podabacia_lankaensis;colonial;4.3;NA;NA;NA;encrusting;protected;turbid;both;NA;NA;NA;NA
Podabacia_motuporensis;colonial;2.8;NA;20;5;encrusting;broad;clear;attached;NA;NA;NA;NA
Podabacia_sinai;colonial;2.7;100;20;10;laminar;broad;clear;attached;NA;NA;NA;NA
Polyphyllia_novaehiberniae;colonial;NA;NA;15;1;massive;protected;clear;unattached;NA;gonochore;spawner;NA
Polyphyllia_talpina;colonial;NA;NA;30;1;massive;protected;clear;unattached;NA;gonochore;NA;NA
Porites_annae;colonial;1.1;NA;30;0.5;digitate;broad;both;attached;1.23;gonochore;spawner;NA
Porites_aranetai;colonial;1;NA;20;2;digitate;broad;clear;attached;NA;NA;NA;NA
Porites_arnaudi;colonial;1.1;NA;37;7;laminar;exposed;clear;attached;NA;NA;NA;NA
Porites_astreoides;colonial;1.6;32.8433333333333;70;0.133333333333333;massive;broad;clear;attached;1.53117647058824;gonochore;brooder;3.44920289855072
Porites_attenuata;colonial;2.1;NA;20;2;branching_closed;protected;clear;attached;NA;NA;NA;NA
Porites_australiensis;colonial;1.4;NA;35;0.5;massive;protected;clear;attached;1.325;NA;NA;12.4615384615385
Porites_bernardi;colonial;NA;NA;NA;NA;digitate;broad;clear;attached;NA;NA;NA;NA
Porites_branneri;NA;1.8;NA;2.5;0.05;NA;protected;clear;NA;NA;NA;NA;NA
Porites_brighami;colonial;1.5;10;NA;NA;submassive;broad;clear;attached;NA;NA;brooder;NA
Porites_cocosensis;colonial;1.5;NA;NA;NA;digitate;broad;clear;attached;NA;NA;NA;NA
Porites_colonensis;colonial;1.4;NA;25;2;laminar;broad;clear;attached;NA;NA;NA;NA
Porites_columnaris;colonial;1.5;NA;15;0;columnar;broad;clear;attached;NA;NA;NA;5.585
Porites_compressa;colonial;1.6;123;30;0;encrusting_long_uprights;protected;clear;attached;NA;gonochore;spawner;5.33013333333333
Porites_cumulatus;colonial;1.1;NA;20;2;branching_closed;protected;clear;attached;NA;NA;NA;NA
Porites_cylindrica;colonial;1.1;1000;20;1;encrusting_long_uprights;protected;clear;attached;1.38;gonochore;spawner;7.602
Porites_deformis;colonial;1.6;NA;30;0.5;digitate;protected;clear;attached;NA;NA;NA;NA
Porites_densa;colonial;1.3;15;20;1;massive;protected;clear;attached;NA;NA;NA;NA
Porites_desilveri;colonial;1;NA;NA;NA;digitate;broad;clear;attached;NA;NA;NA;NA
Porites_divaricata;colonial;1.1;NA;47;0.1;branching_closed;protected;both;attached;NA;NA;NA;NA
Porites_echinulata;colonial;2.1;NA;50;15;columnar;broad;clear;attached;NA;NA;NA;NA
Porites_eridani;colonial;0.8;NA;20;2;digitate;protected;clear;attached;NA;NA;NA;NA
Porites_evermanni;colonial;1;120;30;1;columnar;protected;clear;attached;NA;gonochore;spawner;NA
Porites_flavus;colonial;0.7;40;20;1;branching_closed;protected;clear;attached;NA;NA;NA;NA
Porites_furcata;colonial;1.9;NA;50;0.2;branching_closed;broad;clear;attached;NA;gonochore;brooder;NA
Porites_harrisoni;colonial;1.1;100;15;1;columnar;broad;clear;attached;NA;NA;NA;NA
Porites_heronensis;colonial;1.5;NA;20;1;columnar;protected;both;attached;NA;gonochore;brooder;10.5
Porites_horizontalata;colonial;1.7;NA;20;5;digitate;broad;clear;attached;NA;gonochore;NA;NA
Porites_latistella;colonial;1.4;NA;20;1;digitate;protected;clear;attached;NA;NA;NA;NA
Porites_lichen;colonial;1.4;NA;40;15;laminar;exposed;clear;attached;NA;NA;NA;16.3
Porites_lobata;colonial;1.1;542.5;48.5;23;massive;protected;clear;attached;1.37648888888889;gonochore;spawner;9.14383333333333
Porites_lutea;colonial;1.3;400;45;1;massive;protected;clear;attached;1.30486206896552;gonochore;spawner;13.8171951219512
Porites_mayeri;colonial;1.6;400;20;3;massive;protected;clear;attached;1.17;NA;NA;NA
Porites_monticulosa;colonial;1.2;100;20;3;encrusting;broad;clear;attached;NA;NA;NA;NA
Porites_murrayensis;colonial;1;20;5;0;massive;broad;clear;attached;NA;gonochore;brooder;NA
Porites_myrmidonensis;colonial;1.4;400;55;NA;massive;exposed;clear;attached;NA;NA;NA;NA
Porites_napopora;colonial;0.9;NA;15;3;digitate;broad;clear;attached;NA;NA;NA;NA
Porites_negrosensis;colonial;1.7;NA;15;2;branching_closed;protected;clear;attached;NA;NA;NA;NA
Porites_nigrescens;colonial;1.6;NA;15;1.25;branching_closed;protected;clear;attached;NA;NA;NA;17.8
Porites_nodifera;colonial;1.6;NA;15;5;columnar;broad;clear;attached;NA;NA;NA;NA
Porites_okinawensis;colonial;1.3;NA;NA;NA;massive;protected;both;attached;NA;NA;NA;NA
Porites_ornata;colonial;1.5;NA;15;3;branching_closed;protected;clear;attached;NA;NA;NA;NA
Porites_panamensis;colonial;0.9;NA;36;0;submassive;exposed;clear;attached;NA;gonochore;brooder;NA
Porites_porites;colonial;2.5;19.8975;22.5;0.5;branching_closed;protected;clear;attached;NA;gonochore;brooder;17.93
Porites_profundus;colonial;0.9;NA;15;3;branching_closed;broad;clear;attached;NA;NA;NA;NA
Porites_pukoensis;colonial;1.7;NA;NA;NA;columnar;protected;clear;attached;NA;NA;NA;NA
Porites_rugosa;colonial;0.9;100;15;3;branching_closed;broad;clear;attached;NA;NA;NA;NA
Porites_rus;colonial;0.8;500;20;1;digitate;broad;clear;attached;NA;gonochore;spawner;1.27
Porites_sillimaniani;colonial;1.9;NA;5;1;digitate;broad;clear;attached;NA;gonochore;NA;NA
Porites_solida;colonial;1.6;NA;14.5;0.75;massive;broad;clear;attached;NA;gonochore;spawner;15.025
Porites_somaliensis;colonial;2.3;NA;20;1;massive;broad;clear;attached;NA;NA;NA;NA
Porites_stephensoni;colonial;1.3;10;5;0;massive;protected;clear;attached;NA;NA;brooder;NA
Porites_studeri;NA;NA;NA;40;10;NA;protected;both;NA;NA;NA;NA;NA
Porites_tuberculosa;colonial;1.1;NA;20;1;branching_closed;protected;clear;attached;NA;NA;NA;NA
Porites_vaughani;colonial;0.8;20;40;1;encrusting;broad;clear;attached;NA;NA;NA;NA
Psammocora_albopicta;NA;NA;NA;28;1;NA;broad;both;NA;NA;NA;NA;NA
Psammocora_contigua;colonial;1.5;50;21;5;columnar;broad;both;unattached;NA;gonochore;NA;NA
Psammocora_digitata;colonial;2.3;6.5;20;1;columnar;broad;both;attached;NA;gonochore;NA;NA
Psammocora_haimiana;colonial;4.6;NA;36.6666666666667;5;submassive;broad;clear;attached;NA;NA;NA;29.5
Psammocora_profundacella;colonial;2.5;NA;33.3333333333333;1.33333333333333;submassive;broad;clear;attached;NA;NA;spawner;NA
Psammocora_stellata;colonial;2.5;NA;70;0;submassive;exposed;clear;attached;NA;gonochore;spawner;14.1
Psammocora_superficialis;colonial;1.8;NA;25;5.5;encrusting;broad;clear;attached;NA;NA;spawner;6.2
Psammocora_verrilli;colonial;2.3;NA;35;13.6666666666667;massive;exposed;clear;attached;NA;NA;NA;NA
Pseudodiploria_clivosa;colonial;5.8;35.1333333333333;NA;NA;massive;broad;both;attached;NA;hermaphrodite;spawner;NA
Pseudodiploria_strigosa;colonial;10.1;69.8566666666667;NA;NA;massive;broad;clear;attached;NA;hermaphrodite;spawner;NA
Pseudosiderastrea_tayamai;colonial;4;16;20;8;massive;exposed;clear;attached;NA;NA;NA;NA
Sandalolitha_dentata;colonial;3.5;NA;25;6;massive;protected;clear;unattached;NA;gonochore;spawner;NA
Sandalolitha_robusta;colonial;4.6;50;21;1;massive;broad;both;unattached;NA;gonochore;spawner;NA
Scapophyllia_cylindrica;colonial;3.8;NA;25;2;columnar;protected;turbid;attached;NA;hermaphrodite;spawner;NA
Schizoculina_africana;colonial;9.1;100;35;1;branching_open;protected;clear;attached;NA;NA;NA;NA
Schizoculina_fissipara;colonial;3.4;100;35;1;encrusting_long_uprights;protected;clear;attached;NA;NA;NA;NA
Sclerophyllia_maxima;colonial;40;NA;15;5;massive;protected;turbid;attached;NA;NA;NA;NA
Scolymia_cubensis;solitary;56.5;10;66;15;massive;protected;clear;both;NA;NA;NA;NA
Scolymia_lacera;NA;NA;NA;66.6666666666667;18.3333333333333;NA;protected;both;NA;NA;NA;NA;NA
Scolymia_wellsi;NA;NA;NA;40;10;NA;protected;both;NA;NA;hermaphrodite;brooder;NA
Seriatopora_aculeata;colonial;0.5;NA;40;3;branching_closed;broad;clear;attached;NA;NA;NA;NA
Seriatopora_caliendrum;colonial;1.1;NA;40;1;branching_closed;exposed;clear;attached;NA;NA;brooder;58
Seriatopora_dentritica;colonial;0.6;NA;40;3;branching_closed;protected;clear;attached;NA;NA;NA;NA
Seriatopora_guttata;colonial;0.6;30;40;3;branching_closed;protected;clear;attached;NA;NA;NA;NA
Seriatopora_hystrix;colonial;0.8;NA;36.6666666666667;1.5;branching_closed;broad;clear;attached;2.2;hermaphrodite;brooder;32.7
Seriatopora_stellata;colonial;0.6;NA;20;1;branching_closed;broad;clear;attached;NA;NA;NA;NA
Siderastrea_glynni;colonial;3.5;10;8.5;7;massive;exposed;clear;attached;NA;NA;NA;NA
Siderastrea_radians;colonial;3;17.11;18;0;massive;broad;clear;unattached;NA;gonochore;brooder;NA
Siderastrea_savignyana;colonial;3.8;100;10;1;massive;protected;turbid;attached;NA;NA;NA;NA
Siderastrea_siderea;colonial;4.5;81.7675;60;0.166666666666667;massive;broad;both;attached;NA;gonochore;spawner;9
Siderastrea_stellata;colonial;3;NA;NA;NA;massive;protected;clear;unattached;NA;gonochore;brooder;NA
Simplastrea_vesicularis;colonial;4.2;NA;NA;NA;encrusting;broad;clear;attached;NA;NA;NA;NA
Solenastrea_bournoni;colonial;20.5;NA;30;0.5;massive;protected;turbid;attached;NA;gonochore;NA;NA
Solenastrea_hyades;colonial;4.2;NA;31.5;2;submassive;broad;turbid;attached;NA;NA;NA;NA
Stephanocoenia_intersepta;colonial;2.7;37.98;78.3333333333333;1.33333333333333;massive;broad;both;attached;NA;gonochore;spawner;1.8
Stylaraea_punctata;colonial;1.2;6;NA;NA;encrusting;protected;clear;attached;NA;NA;brooder;NA
Stylocoeniella_armata;colonial;2.3;NA;26;1.5;encrusting;broad;clear;attached;NA;NA;NA;NA
Stylocoeniella_cocosensis;colonial;0.7;NA;10;2;encrusting;protected;clear;attached;NA;NA;NA;NA
Stylocoeniella_guentheri;colonial;1.1;50;44.3333333333333;16.6666666666667;digitate;protected;clear;attached;NA;NA;NA;NA
Stylocoeniella_muscosus;NA;NA;NA;18;10;NA;broad;both;NA;NA;NA;NA;NA
Stylophora_danae;colonial;1.1;NA;37.5;5.5;branching_closed;broad;clear;attached;NA;NA;NA;12
Stylophora_kuehlmanni;colonial;0.7;NA;70;5;branching_closed;broad;clear;attached;NA;NA;NA;NA
Stylophora_madagascarensis;colonial;0.8;20;20;2;branching_closed;exposed;clear;attached;NA;NA;NA;NA
Stylophora_mamillata;colonial;1;10;40;15;encrusting;protected;clear;attached;NA;NA;NA;NA
Stylophora_pistillata;colonial;1.4;NA;38.3333333333333;10.6666666666667;branching_closed;exposed;clear;attached;1.70310449992;hermaphrodite;brooder;19.574030768
Stylophora_subseriata;colonial;0.7;NA;30;2;branching_closed;broad;clear;attached;NA;NA;NA;NA
Stylophora_wellsi;colonial;0.7;NA;10;0;branching_closed;exposed;clear;attached;NA;NA;NA;NA
Symphyllia_agaricia;colonial;33.5;NA;40;2;massive;exposed;clear;attached;NA;NA;NA;NA
Symphyllia_erythraea;colonial;17.5;NA;45;2;massive;broad;clear;attached;NA;NA;NA;NA
Symphyllia_hassi;colonial;20;20;20;4;massive;exposed;clear;attached;NA;NA;NA;NA
Symphyllia_radians;colonial;35;NA;40;0;massive;exposed;clear;attached;NA;hermaphrodite;spawner;NA
Symphyllia_recta;colonial;15;NA;40;0;massive;broad;clear;attached;NA;hermaphrodite;spawner;NA
Symphyllia_valenciennesii;colonial;35;NA;40;2;encrusting;protected;clear;attached;NA;NA;NA;NA
Trachyphyllia_geoffroyi;colonial;4;8;30;7;massive;protected;both;unattached;NA;hermaphrodite;NA;NA
Turbinaria_bifrons;colonial;1.6;NA;25;2;laminar;exposed;clear;attached;NA;NA;spawner;NA
Turbinaria_conspicua;colonial;1.6;NA;20;2;laminar;broad;clear;attached;NA;NA;NA;NA
Turbinaria_frondens;colonial;1.1;400;20;7;laminar;exposed;both;attached;NA;gonochore;spawner;14
Turbinaria_heronensis;colonial;4.4;NA;15;5;laminar;exposed;clear;attached;NA;NA;NA;NA
Turbinaria_irregularis;colonial;2.1;NA;40;5;laminar;broad;clear;attached;NA;NA;NA;NA
Turbinaria_mesenterina;colonial;3.5;100;14;2.66666666666667;laminar;protected;turbid;attached;NA;gonochore;spawner;19.28
Turbinaria_patula;colonial;3.5;NA;20;7;laminar;broad;both;attached;NA;NA;NA;NA
Turbinaria_radicalis;colonial;2.5;100;22.5;5.5;encrusting;broad;clear;attached;NA;NA;spawner;NA
Turbinaria_reniformis;colonial;4.2;500;15;2;laminar;protected;turbid;attached;NA;gonochore;spawner;NA
Turbinaria_stellulata;colonial;3.3;NA;15;2;massive;exposed;clear;attached;NA;NA;NA;NA
Zoopilus_echinatus;colonial;20;60;20;12;massive;protected;clear;unattached;NA;NA;NA;NA