Order;Family;Genus_or_Higher;Taxon;ID_sp;SIZE1;SIZE2;SIZE3;SIZE4;SIZE5;DESC1;DESC2;DESC3;DESC4;SEMI;UNIV;PLURIV;CPI1;CPI2;LDA1;LDA2;LDA3;LDA4;LDA5;SINGLE;HERMA;TWO;SURFACE;SUBMERGED;TERRESTRIAL;EGGENDO;EGGFREE;EGGCEMENT;EGGPROTECTED;DISSLOW;DISSMEDIUM;DISSHIGH;SWIMMER;CRAWLER;BURROWER;ATTACHED;NOFLEX;LOWFLEX;HIGHFLEX;STREAMLINED;FLATTENED;CYLINDRICAL;SPHERICAL;SHREDDER;SCRAPER;DEPOSIT;FILTERFEED;PREDATOR;ALGALP;SPECIALIST;MODERATESPE;GENERALIST;TEGUMENT;GILL;PLASTRON;AERIAL;ADUANDLAR;ADUORLAR;LARANDPUP
Acarina;Acarina;Acarina;Acarina;ID1;3;1;0;0;0;0;3;0;0;0;0;3;3;1;0;0;0;3;0;0;0;3;0;3;0;2;0;3;0;0;2;2;3;3;0;1;3;0;0;0;2;0;3;0;0;0;0;3;0;2;2;0;3;0;0;1;3;0;0
Bryozoa;Bryozoa;Bryozoa;Bryozoa;ID2;2;2;2;3;3;0;0;0;3;0;0;3;0;3;0;0;0;2;3;3;3;0;0;3;0;0;3;0;0;0;2;2;0;0;0;3;0;3;0;0;0;NA;0;0;0;0;3;0;0;0;0;3;3;0;0;0;3;0;0
Coleoptera;Dytiscidae;Antiporus;Antiporus;ID3;0;3;0;0;0;0;3;0;0;0;3;0;3;0;0;0;0;3;1;0;0;3;0;3;0;3;3;0;0;0;2;2;3;3;0;0;2;2;0;2;0;2;0;0;0;0;0;3;0;0;2;2;2;0;0;3;3;0;0
Coleoptera;Hydrophilidae;Berosus;Berosus;ID4;0;3;0;0;0;2;2;0;0;0;3;0;3;0;0;0;0;3;0;0;0;3;0;3;0;0;3;0;0;0;2;2;2;3;0;0;2;2;0;1;2;0;0;0;3;0;0;3;0;0;2;2;1;3;3;0;3;0;0
Coleoptera;Ptilodactylidae;Byrrhocryptus;Byrrhocryptus urquharti;ID5;0;3;0;3;0;0;0;0;0;0;3;0;3;0;0;0;0;3;0;0;0;3;0;3;0;0;3;0;0;0;0;0;0;3;0;0;3;3;0;2;0;2;0;2;3;2;0;0;0;0;0;3;3;0;0;0;0;3;1
Coleoptera;Curculionidae;Curculionidae;Curculionidae;ID6;0;3;0;0;0;0;0;0;0;0;0;0;3;0;0;0;0;3;0;0;0;3;0;0;3;3;3;0;0;0;2;2;0;3;0;0;3;0;0;0;0;3;0;3;0;0;0;0;0;0;0;3;2;0;0;3;0;3;1
Coleoptera;Dytiscidae;Dytiscidae;Dytiscidae;ID7;0;0;3;0;0;0;3;0;0;0;3;0;0;3;0;0;0;3;1;0;0;3;0;3;0;3;2;2;0;0;2;2;3;2;0;0;2;2;0;2;2;2;0;0;0;0;0;3;0;0;2;2;2;0;3;0;3;0;0
Coleoptera;Elmidae;Elmidae;Elmidae;ID8;0;3;0;0;0;3;0;0;0;0;3;0;3;0;0;0;0;3;3;0;0;3;0;2;2;0;2;2;0;0;2;2;0;3;0;0;3;3;0;2;0;3;0;0;3;0;0;0;0;0;0;3;0;3;3;0;3;0;0
Coleoptera;Hydrophilidae;Enochrus;Enochrus;ID9;2;2;0;0;0;2;2;0;0;0;3;0;3;0;0;0;0;3;0;0;0;3;0;3;0;0;3;0;0;0;2;2;2;2;2;0;2;2;0;2;2;0;0;0;0;0;0;3;0;0;0;3;2;0;3;0;3;0;0
Coleoptera;Gyrinidae;Gyrinidae;Gyrinidae;ID10;0;0;3;0;0;3;0;0;0;0;3;0;3;0;0;2;3;0;0;0;0;3;0;3;0;0;0;3;0;0;2;2;3;2;0;0;2;2;0;2;0;2;0;0;0;0;0;3;0;0;3;0;0;3;3;0;3;0;0
Coleoptera;Dytiscidae;Onychohydrus;Onychohydrus;ID11;0;0;3;0;3;0;0;0;0;0;3;0;3;0;0;0;0;3;1;0;0;3;0;3;0;3;3;0;0;0;2;2;3;3;0;0;2;2;0;2;2;2;0;0;0;0;0;3;0;0;0;3;2;0;3;0;3;0;0
Coleoptera;Hydrophilidae;Hydrophilidae;Hydrophilidae;ID12;0;3;0;0;0;2;2;0;0;0;3;0;3;0;0;0;0;3;0;0;0;3;0;3;3;0;3;0;2;0;2;2;2;2;1;0;2;2;0;2;2;0;0;0;2;0;0;3;0;0;2;2;2;0;3;0;3;0;0
Coleoptera;Hydrophilidae;Laccobius;Laccobius arrowi;ID13;3;0;0;0;0;2;2;0;0;0;3;0;3;0;0;0;0;3;0;0;0;3;0;3;0;0;3;0;0;0;2;2;3;2;0;0;2;2;0;2;2;0;0;0;2;0;0;3;0;0;0;3;2;0;3;0;3;0;0
Coleoptera;Dytiscidae;Liodessus;Liodessus;ID14;3;0;0;0;0;0;0;0;0;0;3;0;3;0;0;0;0;3;1;0;0;3;0;3;0;3;3;0;0;0;2;2;3;2;0;0;2;2;0;2;0;3;2;0;0;0;0;3;0;0;2;2;2;0;3;0;3;0;0
Coleoptera;Hydraenidae;Orchymontia;Orchymontia;ID15;3;0;0;0;0;3;0;0;0;0;3;0;3;0;0;0;2;2;0;0;0;3;0;3;0;0;0;3;0;2;2;0;0;3;0;0;2;2;0;0;1;1;0;2;2;2;0;0;0;0;2;2;2;0;3;0;3;3;0
Coleoptera;Dytiscidae;Phreatodessus;Phreatodessus;ID16;3;0;0;0;0;0;0;0;0;0;3;0;3;0;0;0;0;3;1;0;0;3;0;3;0;0;0;3;0;0;2;2;3;2;0;0;2;2;0;2;0;2;0;0;0;0;0;3;0;2;2;0;3;0;3;0;3;0;0
Coleoptera;Dytiscidae;Rhantus;Rhantus;ID17;0;0;3;0;0;0;0;0;0;0;3;0;3;0;0;0;0;3;0;0;0;3;0;3;0;3;3;0;0;0;2;2;3;0;0;0;2;2;0;3;2;3;0;0;0;0;0;3;0;0;3;0;0;0;3;0;3;0;0
Coleoptera;Scirtidae;Scirtidae;Scirtidae;ID18;0;3;0;0;0;3;0;0;0;0;3;0;3;0;0;2;2;0;0;0;0;3;0;0;3;0;0;3;0;0;2;2;0;3;2;0;0;3;1;0;2;3;0;2;2;2;1;0;0;0;2;2;2;3;0;0;0;3;0
Coleoptera;Staphylinidae;Staphylinidae;Staphylinidae;ID19;0;3;0;3;0;0;0;0;0;0;3;0;3;0;0;0;0;3;0;0;0;3;0;0;3;0;3;0;0;2;2;0;0;3;0;0;3;0;0;0;1;3;0;0;0;0;0;3;0;0;2;2;0;0;0;3;1;0;0
Crustacea;Amphipoda;Amphipoda;Amphipoda;ID20;1;3;1;0;0;3;0;0;0;0;3;3;3;0;0;0;0;3;2;0;0;3;0;3;0;0;0;0;3;2;3;0;1;3;2;0;0;3;0;0;3;1;0;0;3;3;0;0;0;0;0;3;0;3;0;0;3;0;0
Crustacea;Amphipoda/Ceinidae;Chiltonia;Chiltonia;ID21;2;2;0;0;0;3;0;0;0;0;3;0;3;0;0;0;0;3;0;0;0;3;0;3;0;0;0;0;3;2;2;0;1;3;2;0;0;3;0;0;3;1;0;0;3;2;0;0;0;0;0;3;0;3;0;0;3;0;0
Crustacea;Cladocera;Cladocera;Cladocera;ID22;3;1;0;0;0;3;1;0;0;0;0;3;0;3;0;0;3;3;0;3;0;2;0;2;0;0;3;0;3;3;2;1;2;2;2;0;3;0;0;0;3;0;3;0;3;0;3;0;0;0;0;3;3;0;0;0;3;0;0
Hexapoda;Collembola;Collembola;Collembola;ID23;3;0;0;0;0;2;2;0;0;0;0;3;3;0;0;2;2;2;0;0;0;3;2;0;2;0;0;2;0;2;2;2;0;0;0;0;0;2;0;0;0;3;0;3;3;3;0;0;0;0;0;3;0;0;0;3;3;0;0
Crustacea;Copepoda;Copepoda;Copepoda;ID24;3;0;0;0;0;3;0;0;0;0;0;3;0;3;0;0;2;2;2;1;0;3;0;3;0;0;0;0;3;3;0;0;2;2;2;0;0;3;0;2;0;3;0;0;2;0;2;2;0;0;0;3;3;0;0;0;3;0;0
Crustacea;Amphipoda/Phreatogammaridae;Phreatogammaridae;Phreatogammaridae;ID25;2;2;2;1;0;3;0;0;0;0;2;3;3;0;0;0;0;1;2;0;0;3;0;3;0;0;0;0;3;2;2;0;2;2;2;0;0;3;0;0;3;1;0;0;1;3;0;0;0;0;0;3;0;3;0;0;3;0;0
Crustacea;Isopoda;Isopoda;Isopoda;ID26;0;0;3;1;0;3;0;0;0;0;3;0;3;1;0;0;0;1;3;0;0;3;0;3;0;0;0;0;3;3;2;0;1;2;3;0;0;3;0;0;3;2;0;2;3;3;0;1;0;0;0;3;0;3;0;0;3;0;0
Crustacea;Mysidae;Mysidae;Mysidae;ID27;0;0;3;0;0;3;0;0;0;0;2;2;1;2;0;0;0;3;0;0;0;3;0;3;0;0;0;0;3;0;3;0;3;1;0;0;0;3;0;0;0;3;0;0;0;3;0;3;0;0;0;3;3;0;0;0;3;0;0
Crustacea;Ostracoda;Ostracoda;Ostracoda;ID28;3;0;0;0;0;3;0;0;0;0;0;3;0;3;0;0;2;2;0;3;0;1;0;3;0;0;0;2;2;3;0;0;2;3;1;0;3;0;0;0;3;0;1;2;2;3;0;2;0;0;0;3;3;0;0;0;3;0;0
Crustacea;Amphipoda/Paracalliopidae;Paracalliope;Paracalliope fluviatilis;ID29;3;0;0;0;0;3;0;0;0;0;3;2;0;3;0;0;0;3;0;0;0;3;0;3;0;0;0;0;3;0;3;0;3;3;0;0;0;3;0;0;3;0;0;0;3;2;0;0;0;0;0;3;0;3;0;0;3;0;0
Crustacea;Amphipoda/Paraleptamphopidae;Paraleptamphopus;Paraleptamphopus caeruleus;ID30;3;0;0;0;0;3;0;0;0;0;3;0;0;3;0;0;0;3;0;0;0;3;0;3;0;0;0;0;3;2;2;0;0;3;2;0;0;3;0;0;3;1;0;0;3;3;0;0;0;0;0;3;0;3;0;0;3;0;0
Crustacea;Decapoda/Parastacidae;Paranephrops;Paranephrops;ID31;0;0;0;0;3;0;3;0;0;1;3;0;3;0;0;0;0;0;3;0;0;3;0;3;0;0;0;0;3;0;2;2;1;3;2;0;0;3;0;0;0;3;0;3;2;0;0;3;0;0;0;3;0;3;0;0;3;0;0
Crustacea;Decapoda/Atyidae;Paratya;Paratya curvirostris;ID32;0;0;0;3;0;0;0;0;3;0;3;0;3;0;0;0;0;3;2;0;0;3;0;3;0;0;0;0;3;0;0;3;2;3;0;0;0;3;0;0;0;3;0;0;3;3;0;0;0;0;0;3;0;3;0;0;3;0;0
Crustacea;Phreatiocidae;Phreatoicus;Phreatoicus;ID33;0;0;3;1;0;3;0;0;0;0;3;0;3;0;0;0;0;1;3;0;0;3;0;3;0;0;0;0;3;3;0;0;0;1;3;0;0;3;1;0;2;2;0;1;1;3;0;0;0;0;0;3;0;3;0;0;3;0;0
Crustacea;Amphipoda/Phreatogammaridae;Phreatogammarus;Phreatogammarus fragilis;ID34;0;0;3;2;0;3;0;0;0;0;2;0;3;0;0;0;0;1;2;0;0;3;0;3;0;0;0;0;3;2;2;0;2;2;3;0;0;3;0;0;3;3;0;1;1;3;0;0;0;0;0;3;0;3;0;0;3;0;0
Crustacea;Syncarida;Syncarida;Syncarida;ID35;3;0;0;0;0;3;0;0;0;0;2;2;3;0;0;0;0;2;2;0;0;3;0;3;0;0;0;0;3;3;0;0;0;0;3;0;0;3;0;3;0;3;0;0;1;3;0;0;0;0;0;3;0;2;0;0;3;0;0
Crustacea;Tanaidacea;Sinelobus;Sinelobus stanfordi;ID36;3;0;0;0;0;3;0;0;0;0;2;2;0;2;0;0;0;3;0;0;0;3;0;3;0;0;0;0;3;3;2;0;1;3;2;0;0;3;0;0;2;3;0;0;2;3;2;0;0;0;2;2;3;0;0;0;3;0;0
Diptera;Tipulidae;Aphrophila;Aphrophila neozelandica;ID37;0;0;0;3;0;0;3;0;0;0;3;0;3;0;0;2;2;2;2;0;0;3;2;2;2;0;3;0;0;2;2;1;0;1;3;0;0;0;3;0;0;3;0;0;3;3;0;3;0;0;0;3;2;0;0;0;0;0;3
Diptera;Simuliidae;Austrosimulium;Austrosimulium;ID38;0;3;0;0;0;0;3;0;0;0;0;3;3;2;0;3;0;0;0;0;0;3;0;3;0;0;0;3;0;0;0;3;0;0;0;3;0;0;3;0;0;3;0;0;1;0;3;0;0;0;0;3;1;3;0;0;0;0;3
Diptera;Blephariceridae;Blephariceridae;Blephariceridae;ID39;0;3;3;0;0;0;0;0;0;0;3;0;3;0;0;3;1;0;0;0;0;3;0;3;0;0;0;3;0;3;2;0;0;0;0;3;0;2;0;1;3;0;0;0;3;0;0;0;0;0;0;3;1;3;0;0;0;0;3
Diptera;Ceratopogonidae;Ceratopogonidae;Ceratopogonidae;ID40;0;3;0;0;0;0;3;0;0;0;0;3;3;0;0;3;0;0;0;0;0;3;0;3;0;0;3;0;0;2;2;2;2;2;3;0;1;3;1;0;0;3;0;0;3;0;0;3;0;1;2;2;3;0;0;0;0;0;3
Diptera;Chironomidae;Chironomus;Chironomus zealandicus;ID41;0;0;3;0;0;0;0;3;0;0;0;3;3;0;0;3;0;0;0;3;0;3;3;3;0;0;0;3;0;2;2;1;0;1;3;0;0;0;3;0;0;3;0;0;0;3;0;0;0;0;0;3;3;0;0;0;0;0;3
Diptera;Orthocladiinae;Corynoneura;Corynoneura scutellata;ID42;3;0;0;0;0;3;2;0;0;0;0;3;3;0;0;3;0;0;0;3;0;3;0;3;0;0;0;3;0;0;2;2;0;3;0;0;0;0;3;0;0;3;0;0;3;0;0;0;0;0;0;3;3;0;0;0;0;0;3
Diptera;Orthocladiinae;Cricotopus;Cricotopus;ID43;0;3;0;0;0;2;2;0;0;0;0;3;3;0;0;3;0;0;0;1;0;3;2;0;0;0;3;3;0;2;2;0;0;2;1;3;0;0;3;0;0;3;0;0;3;0;0;0;0;0;0;3;3;0;0;0;0;0;3
Diptera;Chironomidae;Cryptochironomus;Cryptochironomus;ID44;0;0;3;0;0;2;2;0;0;0;0;3;3;0;0;3;0;0;0;0;0;3;0;0;0;0;0;3;0;2;2;1;0;1;3;0;0;0;3;0;0;3;0;0;1;0;0;3;0;0;2;2;3;0;0;0;0;0;3
Diptera;Culicidae;Culex;Culex;ID45;0;3;0;0;0;0;3;0;0;0;0;3;3;0;0;0;0;3;0;0;0;3;3;0;0;0;3;0;0;0;0;3;3;0;0;0;0;0;3;0;0;3;0;0;0;0;3;0;0;0;0;3;1;0;0;3;0;0;3
Diptera;Culicidae;Culicidae;Culicidae;ID46;0;0;3;0;0;0;3;0;0;0;0;3;3;0;0;0;2;3;0;0;0;3;3;0;2;0;2;2;0;0;0;3;3;0;0;0;0;0;3;0;0;3;0;0;1;0;3;0;0;0;0;3;1;0;0;3;0;0;3
Diptera;Diamesinae;Diamesinae;Diamesinae;ID47;0;3;0;0;0;2;2;0;0;0;0;3;3;0;0;3;0;0;0;0;0;3;2;2;0;0;0;3;0;0;3;0;0;3;2;2;0;0;3;0;0;3;0;0;3;0;0;0;0;0;0;3;3;0;0;0;0;0;3
Diptera;Dolichopodidae;Dolichopodidae;Dolichopodidae;ID48;0;3;0;0;0;0;0;0;0;0;0;0;3;0;0;0;3;0;0;0;0;3;0;3;0;0;3;0;0;3;2;0;0;2;2;0;0;0;3;0;0;3;0;0;0;0;0;3;0;3;0;0;0;0;0;3;0;0;3
Diptera;Empididae;Empididae;Empididae;ID49;2;2;0;0;0;2;2;0;0;0;3;0;3;0;0;2;2;2;2;0;0;3;0;0;2;0;0;3;0;0;0;3;0;2;2;0;0;0;3;0;0;3;0;0;1;0;0;3;0;0;2;2;1;0;0;3;0;0;3
Diptera;Ephydridae;Ephydridae;Ephydridae;ID50;0;3;0;0;0;2;2;0;0;0;0;3;3;0;0;2;2;2;2;0;0;3;0;0;3;0;3;0;0;0;0;3;0;2;2;0;0;0;3;0;0;3;0;0;2;0;0;0;0;0;0;3;0;0;0;3;0;0;3
Diptera;Tipulidae;Eriopterini;Eriopterini;ID51;0;0;3;0;0;0;0;0;0;0;3;0;3;0;0;3;0;0;0;0;0;3;0;1;0;0;3;0;0;2;2;2;0;0;3;0;0;0;3;0;0;3;0;0;3;0;0;0;0;0;0;3;2;0;0;3;0;3;1
Diptera;Orthocladiinae;Eukiefferiella;Eukiefferiella;ID52;3;0;0;0;0;2;2;0;0;0;0;3;3;0;0;3;0;0;0;0;0;3;0;0;0;0;0;3;0;2;2;2;0;3;0;0;0;0;3;0;0;3;0;0;3;0;0;2;0;0;2;2;3;0;0;0;0;0;3
Diptera;Chironomini;Harrisius;Harrisius;ID53;3;0;0;0;0;2;2;0;0;0;0;3;3;0;0;2;0;0;0;0;0;3;0;3;0;0;0;3;0;2;2;0;0;0;3;0;0;0;3;0;0;3;0;3;0;0;0;0;0;3;0;0;3;0;0;0;0;0;3
Diptera;Orthocladiinae;Kaniwhaniwhanus;Kaniwhaniwhanus;ID54;3;0;0;0;0;2;2;0;0;0;0;3;3;0;0;3;0;0;0;0;0;3;0;3;0;0;0;3;0;0;2;2;0;3;0;0;0;0;3;0;0;3;0;0;2;2;0;0;0;0;0;0;3;0;0;0;0;0;3
Diptera;Muscidae;Limnophora;Limnophora;ID55;0;0;3;0;0;0;0;0;0;0;3;0;3;0;0;3;0;0;0;0;0;0;0;0;3;0;3;0;0;0;3;0;0;3;0;0;0;0;3;0;0;3;0;0;0;0;0;3;0;2;2;0;0;0;0;3;0;0;3
Diptera;Tipulidae/Limonini;Limonia;Limonia nigrescens;ID56;0;0;3;0;0;0;0;0;0;0;3;0;3;0;0;3;0;0;0;0;0;3;0;0;3;0;3;0;0;2;2;0;0;0;3;0;0;0;3;0;0;3;0;3;0;0;0;2;0;3;0;0;0;0;0;3;0;0;3
Diptera;Diamesinae;Lobodiamesa;Lobodiamesa campbelli;ID57;3;0;0;0;0;2;2;0;0;0;0;3;3;0;0;3;0;0;0;0;0;3;0;0;3;0;0;3;0;2;2;0;0;0;3;0;0;0;3;0;0;3;0;0;2;0;0;0;0;0;0;0;3;0;0;0;0;0;3
Diptera;Chironomidae;Macropelopiini;Macropelopiini 1;ID58;0;2;3;0;0;0;3;0;0;0;2;2;3;0;0;3;0;0;0;0;0;3;0;0;3;0;0;3;0;2;2;0;0;2;2;0;0;0;3;0;0;3;0;0;0;0;0;3;0;3;0;0;3;0;0;0;0;0;3
Diptera;Diamesinae;Maoridiamesa;Maoridiamesa;ID59;0;3;0;0;0;2;2;0;0;0;0;3;3;0;0;3;0;0;0;0;0;3;0;NA;3;0;0;3;0;2;2;1;0;3;0;1;0;0;3;0;0;3;0;0;3;2;0;0;0;0;0;0;3;0;0;0;0;0;3
Diptera;Tanyderidae;Mischoderus;Mischoderus;ID60;0;0;3;0;0;0;0;0;0;0;0;3;3;0;0;3;0;0;0;0;0;3;0;NA;0;0;3;0;0;2;2;0;0;1;2;0;0;0;3;0;0;3;0;0;0;3;0;0;0;NA;2;0;3;3;0;0;0;0;3
Diptera;Tipulidae/Eriopterini;Molophilus;Molophilus;ID61;0;3;0;0;0;0;3;0;0;0;3;0;3;0;2;2;2;2;2;0;0;3;0;NA;0;0;3;0;0;0;3;2;0;0;3;0;0;0;3;0;0;3;0;NA;3;0;0;0;0;NA;2;0;0;0;0;3;0;3;NA
Diptera;Chironomidae;Naonella;Naonella;ID62;3;0;0;0;0;2;2;0;0;0;0;3;3;0;0;3;0;0;0;0;0;3;0;3;0;0;0;3;0;3;2;0;0;3;0;0;0;0;3;0;0;3;0;0;3;0;0;0;0;0;0;3;3;0;0;0;0;0;3
Diptera;Blephariceridae;Neocurupira;Neocurupira hudsoni;ID63;0;3;0;0;0;2;2;0;0;0;3;0;3;0;0;3;1;0;0;0;0;3;0;3;0;0;0;3;0;3;2;0;0;0;0;3;0;2;0;3;2;1;0;0;3;0;0;0;0;0;0;3;1;3;0;0;0;0;3
Diptera;Ephydridae;Scatella;Scatella vittithorax;ID64;0;3;0;0;0;0;3;0;0;0;0;3;3;0;0;0;0;2;2;0;0;3;0;0;3;0;3;0;0;0;0;3;0;2;2;0;0;0;3;0;0;3;0;0;2;0;0;0;0;0;0;3;0;0;0;3;0;0;3
Diptera;Dixidae;Nothodixa;Nothodixa;ID65;0;3;0;0;0;3;0;0;0;0;0;3;3;0;0;3;0;0;0;0;0;3;0;0;3;0;0;3;0;2;2;0;2;3;0;0;0;0;3;0;0;3;0;0;3;0;0;0;0;0;0;3;0;0;0;3;0;0;3
Diptera;Stratiomyidae;Odontomyia;Odontomyia;ID66;0;0;3;0;0;0;0;0;0;3;0;0;3;0;0;3;0;0;0;0;0;3;0;3;3;0;0;3;0;0;0;3;0;3;0;0;0;0;3;0;2;3;0;0;3;0;0;0;0;0;0;3;0;0;0;3;0;0;3
Diptera;Orthocladiinae;Orthocladiinae;Orthocladiinae;ID67;3;3;0;0;0;2;2;0;0;0;0;3;3;0;0;3;0;0;0;0;0;3;3;3;0;0;0;3;0;2;2;2;0;3;2;1;0;0;3;0;0;3;0;0;3;2;0;0;0;0;0;3;3;0;0;0;0;0;3
Diptera;Dixidae;Paradixa;Paradixa;ID68;0;3;0;0;0;3;0;0;0;0;0;3;3;0;0;3;0;0;0;0;0;3;0;0;3;0;0;3;0;2;2;0;2;3;0;0;0;0;3;0;0;3;0;0;3;0;0;0;0;0;0;3;0;0;0;3;0;0;3
Diptera;Tipulidae/Hexatomini;Paralimnophila;Paralimnophila skusei;ID69;0;0;3;0;0;2;2;0;0;0;3;0;3;0;0;3;0;0;0;0;0;3;0;1;0;0;3;0;0;2;2;2;0;2;2;0;0;0;3;0;0;3;0;0;0;2;0;3;0;2;2;0;0;0;0;3;0;3;NA
Diptera;Tanytarsini;Paratanytarsus;Paratanytarsus grimmi;ID70;0;3;0;0;0;2;2;0;0;0;0;3;3;0;0;3;0;0;0;3;0;3;0;3;0;0;0;3;0;0;2;2;0;3;0;0;0;0;3;0;0;3;0;0;3;0;1;0;0;0;1;3;3;0;0;0;0;0;3
Diptera;Chironomidae;Paratrichocladius;Paratrichocladius;ID71;0;3;0;0;0;3;1;0;0;0;0;3;3;0;0;3;0;0;0;0;0;3;0;3;0;0;0;3;0;2;2;0;0;2;2;0;0;0;3;0;0;3;0;0;3;0;0;0;0;0;0;3;3;0;0;0;0;0;3
Diptera;Chironomidae/Podonominae;Parochlus;Parochlus;ID72;3;0;0;0;0;2;2;0;0;0;0;3;3;0;0;3;0;0;0;0;0;3;0;0;0;0;0;3;0;0;0;3;0;3;0;0;0;0;3;0;0;3;0;0;3;0;0;0;0;0;0;3;3;0;0;0;0;0;3
Diptera;Chironomidae;Paucispinigera;Paucispinigera approximata;ID73;3;1;0;0;0;2;2;0;0;0;3;0;3;0;0;3;0;0;0;0;0;3;3;0;0;0;0;3;0;2;2;0;0;0;3;0;0;0;3;0;0;3;0;0;0;0;0;0;0;0;0;0;3;0;0;0;0;0;3
Diptera;Pelecorhynchidae;Pelecorhynchidae;Pelecorhynchidae;ID74;3;0;0;0;0;0;0;0;0;0;3;0;3;0;0;0;0;0;0;0;0;0;0;0;NA;0;3;0;0;2;2;0;0;1;3;0;0;0;3;0;0;3;0;0;0;0;0;3;0;3;0;0;3;0;0;0;0;3;0
Diptera;Blephariceridae;Peritheates;Peritheates;ID75;0;3;0;0;0;2;2;0;0;0;3;0;3;0;0;3;1;0;0;0;0;3;0;3;0;0;0;3;0;3;2;0;0;0;0;3;0;2;0;3;2;1;0;0;3;0;0;0;0;0;0;3;1;3;0;0;0;0;3
Diptera;Chironomidae;Pirara;Pirara;ID76;3;0;0;0;0;2;2;0;0;0;0;3;3;0;0;3;0;0;0;0;0;3;0;3;0;0;0;3;0;2;2;0;0;3;0;0;0;0;3;0;0;3;0;0;3;0;0;0;0;0;0;3;3;0;0;0;0;0;3
Diptera;Podonominae;Podonominae;Podonominae;ID77;0;3;0;0;0;2;2;0;0;0;0;3;3;0;0;3;0;0;0;0;0;3;0;3;0;0;0;3;0;0;0;3;0;0;3;0;0;0;3;0;0;3;0;0;3;0;0;0;0;0;0;0;3;0;0;0;0;0;3
Diptera;Chironomini;Polypedilum;Polypedilum canum;ID78;0;3;0;0;0;0;3;0;0;0;2;3;3;0;0;3;0;0;0;0;0;3;3;0;0;0;0;3;0;2;2;0;0;3;0;0;0;0;3;0;0;3;0;0;2;0;0;0;0;0;0;3;3;0;0;0;0;0;3
Diptera;Orthocladiinae;Psectrocladius;Psectrocladius;ID79;0;3;1;0;0;2;2;0;0;0;0;3;3;0;0;3;0;0;0;0;0;3;0;0;0;0;0;3;0;0;2;2;0;2;2;0;0;0;3;0;0;3;0;0;2;2;0;0;0;0;0;3;3;0;0;0;0;0;3
Diptera;Psychodidae;Psychoda;Psychoda;ID80;3;0;0;0;0;3;0;0;0;0;3;0;3;0;0;3;0;0;0;0;0;3;0;3;0;0;0;3;0;0;0;3;0;0;3;0;0;0;3;0;1;3;0;0;3;0;0;0;0;2;2;0;1;0;0;3;0;0;3
Diptera;Sciomyzidae;Sciomyzidae;Sciomyzidae;ID81;0;3;0;0;0;0;3;0;0;0;0;3;3;0;0;2;2;2;0;0;0;3;0;0;3;0;3;0;0;0;0;3;1;2;2;0;0;0;3;0;0;3;0;0;0;0;0;3;0;3;0;0;0;0;0;3;0;0;3
Diptera;Chironomidae;Stictocladius;Stictocladius;ID82;0;3;0;0;0;0;3;0;0;0;0;3;3;0;0;3;0;0;0;0;0;3;0;0;3;0;0;3;0;0;2;2;1;2;2;0;0;0;3;0;0;3;0;0;0;0;0;3;0;3;0;0;3;0;0;0;0;0;3
Diptera;Syrphidae;Syrphidae;Syrphidae;ID83;0;0;3;0;0;0;0;0;0;0;3;0;3;0;0;0;0;0;0;0;0;3;0;0;3;0;3;0;0;0;0;3;0;3;0;0;0;0;0;0;0;3;0;0;2;2;0;0;0;0;0;3;0;0;0;3;0;3;0
Diptera;Tabanidae;Tabanidae;Tabanidae;ID84;0;0;3;0;0;0;3;0;0;0;3;0;3;0;0;0;0;2;2;0;0;3;0;0;3;0;0;3;0;0;0;3;0;1;3;0;0;0;3;0;0;3;0;0;0;0;0;3;0;3;0;0;0;0;0;3;0;3;0
Diptera;Tanypodinae;Tanypodinae;Tanypodinae;ID85;0;3;0;0;0;0;3;0;0;0;3;0;3;0;0;3;0;0;0;0;0;3;2;2;2;0;2;2;0;0;0;3;3;3;0;0;0;0;3;0;0;3;0;0;0;0;0;3;0;3;0;0;3;0;0;0;0;0;3
Diptera;Tanytarsini;Tanytarsus;Tanytarsus;ID86;3;0;0;0;0;2;2;0;0;0;0;3;3;0;0;3;0;0;0;3;0;3;0;3;0;0;0;3;0;0;0;3;0;3;0;1;0;0;3;0;0;3;0;0;1;0;3;0;0;0;0;3;3;0;0;0;0;0;3
Diptera;Thaumaleidae;Thaumaleidae;Thaumaleidae;ID87;0;3;0;0;0;0;0;0;0;0;0;3;3;0;0;3;0;0;0;0;0;0;0;0;3;0;3;0;0;0;2;0;0;3;0;0;0;0;3;0;0;0;0;0;3;0;0;0;0;0;2;2;0;0;0;3;0;3;0
Diptera;Tipulidae/Tipulinae;Zelandotipula;Zelandotipula;ID88;0;0;0;3;0;0;3;0;0;3;0;0;3;0;0;3;0;0;0;0;0;3;3;0;0;0;3;0;0;2;2;0;0;0;3;0;0;0;3;0;0;3;0;0;1;3;0;0;0;0;0;3;0;0;0;3;0;3;NA
Ephemeroptera;Ameletopsidae;Ameletopsis;Ameletopsis perscitus;ID89;0;0;3;0;0;0;0;0;3;0;3;0;3;0;0;3;1;0;0;0;0;3;3;0;0;0;3;0;0;0;3;1;1;3;1;0;0;2;0;1;3;0;0;0;0;0;0;3;0;3;2;0;1;3;0;0;0;3;0
Ephemeroptera;Coloburiscidae;Coloburiscus;Coloburiscus humeralis;ID90;0;0;3;0;0;0;0;0;3;0;3;0;3;0;0;3;1;0;0;0;0;3;3;0;0;0;3;0;0;1;3;1;0;2;0;3;0;2;0;0;0;2;0;0;0;0;3;0;0;0;2;2;1;3;0;0;0;3;0
Ephemeroptera;Ichthybotidae;Ichthybotus;Ichthybotus bicolor;ID91;0;0;0;3;0;0;1;3;0;3;0;0;3;0;0;3;1;0;0;0;0;3;3;0;0;0;3;0;0;1;3;0;0;0;3;0;0;3;1;0;0;3;0;0;0;3;0;1;0;0;2;2;1;3;0;0;0;3;0
Ephemeroptera;Ichthybotidae;Ichthybotus;Ichthybotus hudsoni;ID92;0;0;0;3;0;0;1;3;0;3;0;0;3;0;0;3;1;0;0;0;0;3;3;0;0;0;3;0;0;1;3;0;0;0;3;0;0;3;1;0;0;3;0;0;0;3;0;1;0;0;2;2;1;3;0;0;0;3;0
Ephemeroptera;Leptophlebiidae;Acanthophlebia;Acanthophlebia cruentata;ID93;0;0;3;0;0;0;3;1;0;0;3;0;3;0;0;3;2;0;0;0;0;3;3;0;0;0;3;0;0;2;3;1;0;2;3;0;0;2;0;1;3;0;0;0;3;2;0;0;0;0;0;3;1;3;0;0;0;3;0
Ephemeroptera;Leptophlebiidae;Arachnocolus;Arachnocolus phillipsi;ID94;0;3;0;0;0;0;3;1;0;0;3;0;3;0;0;3;0;0;0;0;0;3;3;0;0;0;3;0;0;1;2;0;0;3;0;0;0;2;0;1;3;0;0;0;3;0;0;0;0;0;0;3;1;3;0;0;0;3;0
Ephemeroptera;Leptophlebiidae;Atalophlebioides;Atalophlebioides cromwelli;ID95;0;3;0;0;0;0;3;1;0;0;3;0;3;0;0;2;2;0;0;0;0;3;3;0;0;0;3;0;0;2;3;1;0;3;0;0;0;2;0;1;3;0;0;0;3;0;0;0;0;0;0;3;1;3;0;0;0;3;0
Ephemeroptera;Leptophlebiidae;Aupouriella;Aupouriella pohei;ID96;0;3;0;0;0;0;3;0;0;0;3;0;3;0;0;3;0;0;0;0;0;3;3;0;0;0;3;0;0;3;1;0;0;3;0;0;0;2;0;1;3;0;0;0;3;0;0;0;0;0;0;3;1;3;0;0;0;3;0
Ephemeroptera;Leptophlebiidae;Austroclima;Austroclima jollyae;ID97;0;3;0;0;0;0;3;0;0;0;3;0;3;0;0;3;0;0;0;0;0;3;3;0;0;0;3;0;0;0;3;1;0;3;0;0;0;2;0;1;3;0;0;0;3;0;0;0;0;0;0;3;1;3;0;0;0;3;0
Ephemeroptera;Leptophlebiidae;Austroclima;Austroclima sepia;ID98;0;3;0;0;0;0;3;0;0;0;3;0;3;0;0;3;0;0;0;0;0;3;3;0;0;0;3;0;0;1;3;1;0;3;0;0;0;2;0;1;3;0;0;0;3;0;0;0;0;0;0;3;1;3;0;0;0;3;0
Ephemeroptera;Leptophlebiidae;Austronella;Austronella planulata;ID99;0;3;0;0;0;0;3;1;0;0;3;0;3;0;0;3;0;0;0;0;0;3;3;0;0;0;3;0;0;2;3;0;0;3;0;0;0;2;0;1;3;0;0;0;3;0;0;0;0;0;0;3;1;3;0;0;0;3;0
Ephemeroptera;Leptophlebiidae;Deleatidium;Deleatidium (Deleatidium) angustum;ID100;0;3;0;0;0;0;3;1;0;0;3;0;3;0;1;3;0;0;0;0;0;3;3;0;0;0;3;0;0;2;3;1;0;3;0;0;0;2;0;1;3;0;0;0;3;0;0;0;0;0;0;3;1;3;0;0;0;3;0
Ephemeroptera;Leptophlebiidae;Deleatidium;Deleatidium (Deleatidium) atricolor;ID101;0;0;3;0;0;0;3;1;0;1;3;0;3;0;1;3;0;0;0;0;0;3;3;0;0;0;3;0;0;2;3;1;0;3;0;0;0;2;0;1;3;0;0;0;3;0;0;0;0;0;0;3;1;3;0;0;0;3;0
Ephemeroptera;Leptophlebiidae;Deleatidium;Deleatidium (Deleatidium) autumnale;ID102;0;3;0;0;0;0;3;1;0;0;3;0;3;0;1;3;0;0;0;0;0;3;3;0;0;0;3;0;0;2;3;1;0;3;0;0;0;2;0;1;3;0;0;0;3;0;0;0;0;0;0;3;1;3;0;0;0;3;0
Ephemeroptera;Leptophlebiidae;Deleatidium;Deleatidium (Deleatidium) branchiola;ID103;0;3;0;0;0;0;3;1;0;1;3;0;3;0;1;3;0;0;0;0;0;3;3;0;0;0;3;0;0;3;1;0;0;3;0;0;0;2;0;1;3;0;0;0;3;0;0;0;0;0;0;3;1;3;0;0;0;3;0
Ephemeroptera;Leptophlebiidae;Deleatidium;Deleatidium (Deleatidium) cerinum;ID104;0;3;0;0;0;0;3;1;0;0;3;0;3;0;1;3;0;0;0;0;0;3;3;0;0;0;3;0;0;2;3;1;0;3;0;0;0;2;0;1;3;0;0;0;3;0;0;0;0;0;0;3;1;3;0;0;0;3;0
Ephemeroptera;Leptophlebiidae;Deleatidium;Deleatidium (Deleatidium) fumosum;ID105;0;3;0;0;0;0;3;1;0;0;3;0;3;0;1;3;0;0;0;0;0;3;3;0;0;0;3;0;0;2;3;1;0;3;0;0;0;2;0;1;3;0;0;0;3;0;0;0;0;0;0;3;1;3;0;0;0;3;0
Ephemeroptera;Leptophlebiidae;Deleatidium;Deleatidium (Deleatidium) kiwa;ID106;0;3;0;0;0;0;3;1;0;0;3;0;3;0;1;3;0;0;0;0;0;3;3;0;0;0;3;0;0;3;1;0;0;3;0;0;0;2;0;1;3;0;0;0;3;0;0;0;0;0;0;3;1;3;0;0;0;3;0
Ephemeroptera;Leptophlebiidae;Deleatidium;Deleatidium (Deleatidium) lillii;ID107;0;3;0;0;0;0;3;1;0;0;3;1;3;0;1;3;0;0;0;0;0;3;3;0;0;0;3;0;0;2;3;1;0;3;0;0;0;2;0;1;3;0;0;0;3;0;0;0;0;0;0;3;1;3;0;0;0;3;0
Ephemeroptera;Leptophlebiidae;Deleatidium;Deleatidium (Deleatidium) magnum;ID108;0;0;3;0;0;0;3;1;2;0;2;2;3;0;1;3;0;0;0;0;0;3;3;0;0;0;3;0;0;2;3;1;0;3;0;0;0;2;0;1;3;0;0;0;3;0;0;0;0;0;0;3;1;3;0;0;0;3;0
Ephemeroptera;Leptophlebiidae;Deleatidium;Deleatidium (Deleatidium) myzobranchia;ID109;0;0;3;0;0;0;3;1;0;0;2;2;3;0;1;3;0;0;0;0;0;3;3;0;0;0;3;0;0;2;3;1;0;3;0;0;0;2;0;1;3;0;0;0;3;0;0;0;0;0;0;3;1;3;0;0;0;3;0
Ephemeroptera;Leptophlebiidae;Deleatidium;Deleatidium (Deleatidium) townsi;ID110;0;3;0;0;0;0;3;1;0;0;3;0;3;0;1;3;0;0;0;0;0;3;3;0;0;0;3;0;0;2;2;1;0;3;0;0;0;2;0;1;3;0;0;0;3;0;0;0;0;0;0;3;1;3;0;0;0;3;0
Ephemeroptera;Leptophlebiidae;Deleatidium;Deleatidium (Deleatidium) vernale;ID111;0;3;0;0;0;0;3;1;0;0;3;0;3;0;1;3;0;0;0;0;0;3;3;0;0;0;3;0;0;2;3;1;0;3;0;0;0;2;0;1;3;0;0;0;3;0;0;0;0;0;0;3;1;3;0;0;0;3;0
Ephemeroptera;Leptophlebiidae;Deleatidium;Deleatidium (Deleatidium) wardorum;ID112;0;3;0;0;0;0;3;1;0;0;3;0;3;0;1;3;0;0;0;0;0;3;3;0;0;0;3;0;0;2;2;1;0;3;0;0;0;2;0;1;3;0;0;0;3;0;0;0;0;0;0;3;1;3;0;0;0;3;0
Ephemeroptera;Leptophlebiidae;Deleatidium;Deleatidium (Penniketellum) cornutum;ID113;0;0;3;0;0;0;3;1;0;1;3;0;3;0;1;3;0;0;0;0;0;3;3;0;0;0;3;0;0;2;2;1;0;3;0;0;0;2;0;1;3;0;0;0;3;0;0;0;0;0;0;3;1;3;0;0;0;3;0
Ephemeroptera;Leptophlebiidae;Deleatidium;Deleatidium (Penniketellum) insolitum;ID114;0;0;3;0;0;0;3;1;0;1;3;0;3;0;1;3;0;0;0;0;0;3;3;0;0;0;3;0;0;3;1;0;0;3;0;0;0;2;0;1;3;0;0;0;3;0;0;0;0;0;0;3;1;3;0;0;0;3;0
Ephemeroptera;Leptophlebiidae;Deleatidium;Deleatidium (Penniketellum) patricki;ID115;0;0;3;0;0;0;3;1;0;1;3;0;3;0;1;3;0;0;0;0;0;3;3;0;0;0;3;0;0;2;2;1;0;3;0;0;0;2;0;1;3;0;0;0;3;0;0;0;0;0;0;3;1;3;0;0;0;3;0
Ephemeroptera;Leptophlebiidae;Isothraulus;Isothraulus abditus;ID116;0;3;0;0;0;0;3;1;0;0;3;0;3;0;0;3;0;0;0;0;0;3;0;3;0;0;2;2;0;3;1;0;0;3;0;0;0;2;0;0;3;0;0;0;3;0;0;0;0;0;0;3;1;3;0;0;0;3;0
Ephemeroptera;Leptophlebiidae;Mauiulus;Mauiulus aquilus;ID117;0;3;0;0;0;0;3;1;0;0;3;0;3;0;0;3;0;0;0;0;0;3;3;0;0;0;3;0;0;2;1;0;0;3;0;0;0;2;0;1;3;0;0;0;3;0;0;0;0;0;0;3;1;3;0;0;0;3;0
Ephemeroptera;Leptophlebiidae;Mauiulus;Mauiulus luma;ID118;0;3;0;0;0;0;3;1;0;0;3;0;3;0;0;3;0;0;0;0;0;3;3;0;0;0;3;0;0;2;2;0;0;3;0;0;0;2;0;1;3;0;0;0;3;0;0;0;0;0;0;3;1;3;0;0;0;3;0
Ephemeroptera;Leptophlebiidae;Neozephlebia;Neozephlebia scita;ID119;0;3;0;0;0;0;3;1;0;0;3;0;3;0;0;3;0;0;0;0;0;3;3;0;0;0;3;0;0;2;2;0;0;3;0;0;0;2;0;1;3;0;0;0;3;0;0;0;0;0;0;3;1;3;0;0;0;3;0
Ephemeroptera;Leptophlebiidae;Tepakia;Tepakia caligata;ID120;0;3;0;0;0;0;3;1;0;0;3;0;3;0;0;3;0;0;0;0;0;3;0;3;0;0;2;2;0;2;2;0;0;3;0;0;0;2;0;1;3;0;0;0;3;0;0;0;0;0;0;3;1;3;0;0;0;3;0
Ephemeroptera;Leptophlebiidae;Zephlebia;Zephlebia borealis;ID121;0;0;3;0;0;0;2;2;0;0;3;0;3;0;0;3;0;0;0;0;0;3;3;0;0;0;3;0;0;2;2;0;0;3;0;0;0;2;0;1;3;0;0;0;3;0;0;0;0;0;0;3;1;3;0;0;0;3;0
Ephemeroptera;Leptophlebiidae;Zephlebia;Zephlebia dentata;ID122;0;3;0;0;0;0;2;2;0;0;3;0;3;0;0;3;0;0;0;0;0;3;3;0;0;0;3;0;0;1;3;1;0;3;0;0;0;2;0;1;3;0;0;0;3;0;0;0;0;0;0;3;1;3;0;0;0;3;0
Ephemeroptera;Leptophlebiidae;Zephlebia;Zephlebia inconspicua;ID123;0;3;0;0;0;0;2;2;0;0;3;0;3;0;0;3;0;0;0;0;0;3;3;0;0;0;3;0;0;2;2;0;0;3;0;0;0;2;0;1;3;0;0;0;3;0;0;0;0;0;0;3;1;3;0;0;0;3;0
Ephemeroptera;Leptophlebiidae;Zephlebia;Zephlebia nebulosa;ID124;0;0;3;0;0;0;2;2;0;0;3;0;3;0;0;3;0;0;0;0;0;3;3;0;0;0;3;0;0;2;2;0;0;3;0;0;0;2;0;1;3;0;0;0;3;0;0;0;0;0;0;3;1;3;0;0;0;3;0
Ephemeroptera;Leptophlebiidae;Zephlebia;Zephlebia pirongia;ID125;0;0;3;0;0;0;2;2;0;0;3;0;3;0;0;3;0;0;0;0;0;3;3;0;0;0;3;0;0;2;2;0;0;3;0;0;0;2;0;1;3;0;0;0;3;0;0;0;0;0;0;3;1;3;0;0;0;3;0
Hemiptera;Notonectidae;Anisops;Anisops;ID126;0;3;0;0;0;0;0;0;0;0;0;3;3;0;0;0;0;3;0;0;0;3;0;0;0;3;3;0;0;0;0;3;3;0;0;0;3;0;0;2;0;3;0;0;0;0;0;3;0;3;0;0;0;0;3;0;3;0;0
Hemiptera;Corixidae;Diaprepocoris;Diaprepocoris zealandiae;ID127;0;3;0;0;0;0;0;0;0;0;2;2;3;0;0;0;0;3;0;0;0;3;0;3;0;0;0;3;0;0;0;3;3;2;0;0;3;0;0;2;1;3;0;0;3;0;0;2;0;0;2;2;0;0;3;0;3;0;0
Hemiptera;Hydrometridae;Hydrometra;Hydrometra risbeci;ID128;0;3;3;0;0;0;3;0;0;0;0;3;3;0;0;0;0;3;0;0;0;3;0;0;3;0;0;3;0;2;3;0;0;3;0;0;0;3;0;0;0;2;3;0;0;0;0;3;0;2;2;0;0;0;0;3;3;0;0
Hemiptera;Veliidae;Microvelia;Microvelia;ID129;3;0;0;0;0;0;3;0;0;0;0;3;3;0;0;0;0;3;0;0;0;3;0;3;0;0;0;3;0;0;3;0;0;NA;0;0;3;0;0;0;1;3;0;0;0;0;0;3;0;2;2;0;0;0;0;3;3;0;0
Hemiptera;Mesoveliidae;Mniovelia;Mniovelia kuscheli;ID130;3;0;0;0;0;0;3;0;0;0;0;3;3;0;0;0;0;3;0;0;0;3;0;0;0;3;3;0;0;0;3;0;0;NA;0;0;3;0;0;0;0;3;0;0;0;0;0;3;0;3;0;0;0;0;0;3;3;0;0
Hemiptera;Saldida;Saldula;Saldula;ID131;0;3;0;0;0;3;0;0;0;0;0;3;3;0;0;0;0;3;0;0;0;3;0;0;3;0;0;3;0;0;3;0;0;NA;0;0;3;0;0;0;2;1;0;0;2;0;0;3;0;0;2;2;0;0;0;3;0;0;0
Hemiptera;Corixidae;Sigara;Sigara;ID132;0;3;0;0;0;3;0;0;0;0;0;3;3;0;0;0;0;3;2;0;0;3;0;3;0;0;0;3;0;0;0;3;3;2;0;0;3;0;0;0;1;3;0;0;2;0;0;1;0;0;2;2;0;0;3;0;3;0;0
Hirudinea;Glossiphoniidae;Alboglossiphonia;Alboglossiphonia heteroclita;ID133;0;3;0;0;0;3;0;0;0;0;3;0;0;3;0;0;0;3;3;0;3;0;0;3;0;0;0;0;3;0;3;2;1;3;1;0;0;0;3;0;3;0;0;0;0;0;0;3;0;3;0;0;3;0;0;0;3;0;0
Hydridae;Hydra;Hydridae;Hydridae;ID134;3;3;1;0;0;0;3;0;0;0;0;3;0;3;0;0;0;3;3;3;0;1;0;3;0;0;0;3;0;3;0;0;0;0;0;3;0;0;3;0;0;3;0;0;0;0;0;3;0;2;2;0;3;0;0;0;3;0;0
Lepidoptera;Pyralidae;Hygraula;Hygraula nitens;ID135;0;3;0;0;0;0;0;0;0;0;3;0;3;0;0;0;0;3;0;0;0;3;0;3;0;0;0;3;0;0;0;3;0;3;0;1;0;2;2;0;0;3;0;3;0;0;0;0;0;3;0;0;1;3;0;0;0;0;3
Mecoptera;Nannochoristidae;Nannochorista;Nannochorista philpotti;ID136;0;0;3;0;0;3;0;0;0;0;3;0;3;0;0;3;0;0;0;0;0;3;0;2;2;0;0;3;0;3;2;0;0;0;3;0;0;3;0;0;0;3;0;0;0;0;0;3;0;3;0;0;3;0;0;0;0;3;0
Mollusca;Lymnaeidae;Austropeplea;Austropeplea tomentosa;ID137;0;3;0;0;0;0;0;0;0;0;0;3;0;3;0;0;0;3;0;0;3;0;0;3;0;0;0;3;0;3;2;0;0;3;0;0;3;0;0;0;0;3;0;0;3;0;0;0;0;0;0;3;0;0;0;3;3;0;0
Mollusca;Ancylidae;Ferrissia;Ferrissia;ID138;3;0;0;0;0;2;2;0;0;0;3;0;0;3;0;0;0;2;2;0;3;0;0;3;0;0;0;3;0;3;0;0;0;1;0;3;3;0;0;0;3;0;3;0;3;0;0;0;0;0;0;3;0;3;0;0;3;0;0
Mollusca;Planorbidae;Gyraulus;Gyraulus corinna;ID139;3;0;0;0;0;3;0;0;0;0;2;3;0;3;0;0;0;3;0;0;3;0;0;3;0;0;0;3;0;3;2;0;1;3;0;0;3;0;0;0;3;0;3;0;3;0;0;0;0;0;0;3;3;0;0;0;3;0;0
Mollusca;Hydridellinae;Echyridella;Echyridella menziesii;ID140;0;0;0;0;3;0;0;0;3;0;3;0;0;3;0;0;0;0;3;0;0;3;0;3;0;0;3;0;0;2;2;0;0;0;3;0;3;0;0;0;3;0;3;0;0;0;3;0;0;0;0;3;0;3;0;0;3;0;0
Mollusca;Latiidae;Latia;Latia neritoides;ID141;0;0;3;0;0;0;3;0;0;0;0;3;0;3;0;0;0;0;3;0;3;0;0;3;0;0;3;0;0;3;0;0;0;1;0;3;3;0;0;0;3;0;3;0;3;0;0;0;0;0;0;3;0;3;0;0;3;0;0
Mollusca;Lymnaeidae;Pseudosuccinea;Pseudosuccinea columella;ID142;0;0;3;0;0;0;0;0;0;0;3;0;0;3;0;0;0;3;0;0;3;0;2;2;0;0;0;3;0;2;2;0;0;3;0;0;3;0;0;0;0;3;0;0;3;0;0;0;0;0;0;3;0;0;0;3;3;0;0
Mollusca;Melanopsidae;Zemelanopsis;Zemelanopsis trifasciata ;ID143;0;0;0;3;0;0;0;0;0;0;3;0;3;0;0;0;0;0;3;0;3;0;0;3;0;0;0;3;0;3;2;0;0;3;0;0;3;0;0;0;0;3;0;0;3;0;0;0;0;0;0;3;0;3;0;0;3;0;0
Mollusca;Planorbidae;Glyptophysa;Glyptophysa variabilis;ID144;0;0;3;0;0;0;0;0;0;0;3;3;0;3;0;0;0;3;0;0;3;0;0;3;0;0;0;3;0;3;2;0;0;3;0;0;3;0;0;0;0;3;0;0;3;0;0;0;0;0;0;3;0;2;0;2;3;0;0
Mollusca;Physidae;Physa;Physa acuta;ID145;0;0;3;0;0;3;0;0;0;0;0;3;0;3;0;0;0;3;0;0;3;0;0;3;0;0;0;3;0;2;0;2;0;3;0;0;3;0;0;0;0;3;0;0;3;0;0;0;0;0;0;3;0;0;0;3;3;0;0
Mollusca;Sphaeriidae;Pisidium;Pisidium casertanum;ID146;0;3;0;0;0;3;0;0;0;0;0;3;0;3;0;0;0;3;0;0;3;0;0;3;0;0;0;0;3;3;0;0;0;0;3;0;3;0;0;0;3;0;3;0;0;0;3;0;0;0;0;3;0;3;0;0;3;0;0
Mollusca;Planorbidae;Planorbarius;Planorbarius;ID147;0;0;3;0;0;0;0;0;0;0;0;3;0;3;0;0;0;3;0;0;3;0;0;3;0;0;0;3;0;2;0;2;2;2;0;0;3;0;0;0;3;0;0;0;3;0;0;0;0;0;0;3;0;0;0;3;3;0;0
Mollusca;Tateidae;Potamopyrgus;Potamopyrgus antipodarum;ID148;0;0;3;0;0;3;0;0;0;0;0;3;0;3;0;0;0;3;0;2;0;2;0;3;0;0;0;0;3;3;2;0;0;3;0;0;3;0;0;0;0;3;0;0;3;0;0;0;0;0;0;3;0;3;0;0;3;0;0
Mollusca;Sphaeriidae;Sphaerium;Sphaerium novaezelandiae;ID149;0;3;0;0;0;3;0;0;0;0;0;3;0;3;0;0;0;3;0;0;3;0;0;3;0;0;0;0;3;3;0;0;0;0;3;0;3;0;0;0;3;0;3;0;0;0;3;0;0;0;0;3;0;3;0;0;3;0;0
Nematoda;Nematoda;Nematoda;Nematoda;ID150;0;0;3;0;0;0;3;0;0;0;0;3;0;3;0;0;2;2;2;1;0;3;0;2;0;0;2;0;1;0;3;0;1;2;0;0;0;0;3;0;0;3;0;0;2;2;0;2;0;0;0;3;3;0;0;0;3;0;0
Nematomorpha;Nematomorpha;Gordioida;Gordioida;ID151;0;0;0;0;3;0;0;0;0;0;3;0;3;0;0;0;0;3;0;0;0;3;0;3;0;0;3;0;0;0;0;3;0;3;0;2;0;0;3;0;0;3;0;0;0;0;0;2;0;2;0;0;3;0;0;0;2;2;0
Nemertea;Nemertea;Prosorhocmidae;Prosorhocmidae;ID152;0;0;0;3;0;0;3;0;0;0;3;3;0;3;0;2;2;2;2;0;3;0;0;3;0;0;3;0;0;0;3;0;1;3;0;0;0;0;3;0;0;3;0;0;2;0;0;3;0;0;2;2;3;0;0;0;3;0;0
Neuroptera;Osmylidae;Kempynus;Kempynus;ID153;0;0;3;0;0;0;0;0;0;0;3;0;3;0;0;0;0;3;0;0;0;0;0;0;3;0;0;3;0;0;0;3;0;3;0;0;0;3;0;0;0;3;0;0;0;0;0;3;0;0;0;3;0;0;0;3;0;2;0
Odonata;Aeshnidae;Aeshna;Aeshna brevistyla;ID154;0;0;0;0;3;3;0;0;0;2;3;0;3;0;0;0;0;3;0;0;0;3;0;0;0;3;3;0;0;0;0;3;1;3;0;0;0;3;0;0;0;3;0;0;0;0;0;3;0;3;0;0;1;3;0;0;0;3;0
Odonata;Corduliidae;Antipodochlora;Antipodochlora braueri;ID155;0;0;0;3;0;0;3;0;0;0;3;0;3;0;0;0;0;3;0;0;0;3;3;0;0;0;0;3;0;0;0;3;2;3;0;0;0;3;0;0;1;2;0;0;0;0;0;3;0;3;0;0;1;3;0;0;0;3;0
Megaloptera;Corydalidae;Archichauliodes;Archichauliodes diversus;ID156;0;0;0;0;3;0;0;3;0;3;0;0;3;0;0;3;0;0;0;0;0;3;0;0;3;0;0;3;0;0;0;3;0;3;0;0;0;3;1;0;2;2;0;0;0;0;0;3;0;0;0;3;0;3;0;1;0;3;0
Odonata;Lestidae;Austrolestes;Austrolestes colensonis;ID157;0;0;0;3;0;0;0;0;0;0;3;0;3;0;0;0;0;3;0;0;0;3;0;0;0;3;3;0;0;0;0;3;3;3;0;0;0;3;0;0;0;3;0;0;0;0;0;3;0;3;0;0;1;3;0;0;0;3;0
Odonata;Libellulidae;Diplacodes;Diplacodes bipunctata;ID158;0;0;3;0;0;0;3;0;0;0;3;0;3;0;0;0;0;3;0;0;0;3;3;0;0;0;0;3;0;0;0;3;3;3;0;0;0;3;0;0;1;2;0;0;0;0;0;3;0;3;0;0;1;3;0;0;0;3;0
Odonata;Corduliidae;Hemicordulia;Hemicordulia australiae;ID159;0;0;3;0;0;0;3;0;0;0;3;0;3;0;0;0;0;3;0;0;0;3;3;0;0;0;0;3;0;0;0;3;1;3;0;0;0;3;0;0;1;2;0;0;0;0;0;3;0;3;0;0;1;3;0;0;0;3;0
Odonata;Coenagrionidae;Ischnura;Ischnura aurora;ID160;0;0;3;0;0;0;3;0;0;0;3;0;3;0;0;0;0;3;0;0;0;3;0;0;0;3;3;0;0;0;0;3;1;3;0;0;0;3;0;0;0;3;0;0;0;0;0;3;0;3;0;0;1;3;0;0;0;3;0
Odonata;Corduliidae;Procordulia;Procordulia;ID161;0;0;0;3;0;0;0;3;0;0;3;0;3;0;0;0;0;3;0;0;0;3;3;0;0;0;0;3;0;0;0;3;1;2;3;0;0;3;0;0;1;2;0;0;0;0;0;3;0;3;0;0;1;3;0;0;0;3;0
Odonata;Petaluridae;Uropetala;Uropetala;ID162;0;0;0;0;3;0;3;0;0;3;0;0;3;0;0;0;0;3;0;0;0;3;0;0;3;0;0;3;0;0;0;3;0;1;3;0;0;3;0;0;0;3;0;0;0;0;0;3;0;3;0;0;1;3;0;0;0;3;0
Odonata;Coenagrionidae;Xanthocnemis;Xanthocnemis zealandica;ID163;0;0;3;0;0;0;3;0;0;0;3;0;3;0;0;0;0;3;0;0;0;3;0;3;0;3;3;3;0;0;0;3;1;3;0;0;0;3;0;0;1;3;0;0;0;0;0;3;0;3;0;0;1;3;0;0;0;3;0
Oligochaeta;Oligochaeta;Eiseniella;Eiseniella;ID164;0;0;0;0;3;0;0;0;0;0;3;0;0;3;0;0;0;3;0;0;3;0;0;3;0;0;2;0;0;3;0;0;0;0;3;0;0;0;3;0;0;3;0;0;0;3;0;0;0;0;0;3;3;0;0;0;3;0;0
Oligochaeta;Oligochaeta;Haplotaxidae;Haplotaxidae;ID165;0;0;0;0;3;0;0;0;0;0;3;0;0;3;0;0;0;3;0;1;3;0;0;3;0;0;2;0;0;3;0;0;0;0;3;0;0;0;3;0;0;3;0;0;0;3;0;0;0;0;0;3;3;0;0;0;3;0;0
Oligochaeta;Oligochaeta;Lumbriculus;Lumbriculus variegatus;ID166;0;0;0;0;3;0;0;0;0;0;3;0;0;3;0;0;0;3;0;3;3;0;0;3;0;0;2;0;0;3;0;0;0;0;3;0;0;0;3;0;0;3;0;0;0;3;0;0;0;0;0;3;3;0;0;0;3;0;0
Oligochaeta;Oligochaeta;Naididae;Naididae;ID167;0;0;3;0;0;0;0;0;0;0;0;3;0;3;0;0;0;3;0;3;3;0;0;3;0;0;2;0;0;3;0;0;0;0;3;0;0;0;3;0;0;3;0;0;0;3;0;0;0;0;0;3;3;0;0;0;3;0;0
Oligochaeta;Oligochaeta;Oligochaeta;Oligochaeta;ID168;0;0;0;0;3;0;0;0;0;0;3;0;0;3;0;0;0;2;2;2;2;0;0;3;0;0;3;0;0;3;0;0;0;0;3;0;0;0;3;0;0;3;0;0;0;3;0;1;0;0;0;3;3;1;0;0;3;0;0
Oligochaeta;Oligochaeta;Phreodrilidae;Phreodrilidae;ID169;0;0;0;3;0;0;0;0;0;0;3;0;0;3;0;0;0;3;0;1;3;0;0;3;0;0;2;0;0;3;0;0;0;0;3;0;0;0;3;0;0;3;0;0;0;3;0;0;0;0;0;3;3;0;0;0;3;0;0
Oligochaeta;Oligochaeta;Stylodrilus;Stylodrilus heringianus;ID170;0;0;0;3;0;0;0;0;0;0;0;3;0;3;0;0;0;3;0;3;0;0;0;3;0;0;2;0;0;3;0;0;2;0;3;0;0;0;3;0;0;3;0;0;0;3;0;0;0;0;0;3;3;0;0;0;3;0;0
Oligochaeta;Oligochaeta;Tubificidae;Tubificidae;ID171;0;0;0;3;0;0;0;0;0;0;0;3;0;3;0;0;0;3;0;1;3;0;0;3;0;0;2;0;0;3;0;0;0;0;3;0;0;0;3;0;0;3;0;0;0;3;0;0;0;0;0;3;3;1;0;0;3;0;0
Platyhelminthes;Platyhelminthes;Platyhelminthes;Platyhelminthes;ID172;0;0;3;0;0;3;0;0;0;0;1;3;0;3;0;0;0;2;0;0;3;0;0;3;0;0;3;0;0;2;2;0;0;3;0;3;0;0;3;0;3;1;0;0;1;0;0;3;0;0;2;2;3;0;0;0;3;0;0
Ephemeroptera;Leptophlebiidae;Zephlebia;Zephlebia spectabilis;ID173;0;3;0;0;0;0;2;2;0;0;3;0;3;0;0;3;0;0;0;0;0;3;3;0;0;0;3;0;0;2;2;0;0;3;0;0;0;2;0;1;3;0;0;0;3;0;0;0;0;0;0;3;1;3;0;0;0;3;0
Ephemeroptera;Leptophlebiidae;Zephlebia;Zephlebia tuberculata;ID174;0;3;0;0;0;0;2;2;0;0;3;0;3;0;0;3;0;0;0;0;0;3;3;0;0;0;3;0;0;2;2;0;0;3;0;0;0;2;0;1;3;0;0;0;3;0;0;0;0;0;0;3;1;3;0;0;0;3;0
Ephemeroptera;Leptophlebiidae;Zephlebia;Zephlebia versicolor;ID175;0;3;0;0;0;0;2;2;0;0;3;0;3;0;0;3;0;0;0;0;0;3;3;0;0;0;3;0;0;2;2;0;0;3;0;0;0;2;0;1;3;0;0;0;3;0;0;0;0;0;0;3;1;3;0;0;0;3;0
Ephemeroptera;Nesameletidae;Nesameletus;Nesameletus ornatus;ID176;0;0;0;3;0;0;3;0;0;0;3;0;3;0;0;3;0;0;0;0;0;3;3;0;0;0;3;0;0;1;3;2;3;3;0;0;0;3;1;3;1;2;0;0;3;0;0;0;0;0;2;2;1;3;0;0;0;3;0
Ephemeroptera;Nesameletidae;Nesameletus;Nesameletus austrinus;ID177;0;0;0;3;0;0;3;0;0;0;3;0;3;0;0;3;0;0;0;0;0;3;3;0;0;0;3;0;0;1;3;2;3;3;0;0;0;3;1;3;1;2;0;0;3;0;0;0;0;0;2;2;1;3;0;0;0;3;0
Ephemeroptera;Nesameletidae;Nesameletus;Nesameletus flavitinctus;ID178;0;0;0;3;0;0;3;0;0;0;3;0;3;0;0;3;0;0;0;0;0;3;3;0;0;0;3;0;0;1;3;2;3;3;0;0;0;3;1;3;1;2;0;0;3;0;0;0;0;0;2;2;1;3;0;0;0;3;0
Ephemeroptera;Nesameletidae;Nesameletus;Nesameletus murihiku;ID179;0;0;0;3;0;0;3;0;0;0;3;0;3;0;0;3;0;0;0;0;0;3;3;0;0;0;3;0;0;2;2;0;3;3;0;0;0;3;1;3;1;2;0;0;3;0;0;0;0;0;2;2;1;3;0;0;0;3;0
Ephemeroptera;Nesameletidae;Nesameletus;Nesameletus vulcanus;ID180;0;0;0;3;0;0;3;0;0;0;3;0;3;0;0;3;0;0;0;0;0;3;3;0;0;0;3;0;0;2;1;0;3;3;0;0;0;3;1;3;1;2;0;0;3;0;0;0;0;0;2;2;1;3;0;0;0;3;0
Ephemeroptera;Oniscigastridae;Oniscigaster;Oniscigaster wakefieldi;ID181;0;0;0;3;0;0;0;0;3;0;3;0;3;0;0;3;0;0;0;0;0;3;3;0;0;0;3;0;0;2;1;0;2;3;1;0;0;3;0;2;2;1;0;0;3;0;0;0;0;0;2;2;1;3;0;0;0;3;0
Ephemeroptera;Oniscigastridae;Oniscigaster;Oniscigaster distans;ID182;0;0;0;3;0;0;0;0;3;0;3;0;3;0;0;3;0;0;0;0;0;3;3;0;0;0;3;0;0;2;2;0;2;3;1;0;0;3;0;2;2;1;0;0;3;0;0;0;0;0;2;2;1;3;0;0;0;3;0
Ephemeroptera;Rallidentidae;Rallidens;Rallidens mcfarlanei;ID183;0;0;3;0;0;0;3;0;0;0;3;0;3;0;0;3;0;0;0;0;0;3;3;0;0;0;3;0;0;0;3;0;3;2;0;0;0;3;1;2;1;2;0;0;3;0;0;0;0;0;2;2;1;3;0;0;0;3;0
Ephemeroptera;Rallidentidae;Rallidens;Rallidens platydontis;ID184;0;0;3;0;0;0;3;0;0;0;3;0;3;0;0;3;0;0;0;0;0;3;3;0;0;0;3;0;0;0;3;0;3;2;0;0;0;3;1;3;1;2;0;0;3;0;0;0;0;0;2;2;1;3;0;0;0;3;0
Ephemeroptera;Siphlaenigmatidae;Siphlaenigma;Siphlaenigma janae;ID185;0;3;0;0;0;0;0;0;0;0;3;0;3;0;0;3;0;0;0;0;0;3;3;0;0;0;3;0;0;0;3;0;3;2;0;0;0;3;1;3;1;2;0;0;3;0;0;0;0;0;2;2;1;3;0;0;0;3;0
Plecoptera;Gripopterygidae;Acroperla;Acroperla christinae;ID186;0;0;3;0;0;0;3;0;0;0;3;0;3;0;0;0;3;1;0;0;0;3;3;0;0;0;3;0;0;3;0;0;0;3;0;0;0;3;0;0;1;3;0;1;3;0;0;0;0;0;0;0;3;1;0;0;0;2;0
Plecoptera;Gripopterygidae;Acroperla;Acroperla flavescens;ID187;0;0;3;0;0;0;3;0;0;0;3;0;3;0;0;0;3;1;0;0;0;3;3;0;0;0;3;0;0;3;0;0;0;3;0;0;0;3;0;0;1;3;0;1;3;0;0;0;0;0;0;0;3;1;0;0;0;2;0
Plecoptera;Gripopterygidae;Acroperla;Acroperla samueli;ID188;0;0;3;0;0;0;3;0;0;0;3;0;3;0;0;0;3;1;0;0;0;3;3;0;0;0;3;0;0;3;0;0;0;3;0;0;0;3;0;0;1;3;0;1;3;0;0;0;0;0;0;0;3;1;0;0;0;2;0
Plecoptera;Gripopterygidae;Acroperla;Acroperla spiniger;ID189;0;0;3;0;0;0;3;0;0;0;3;0;3;0;0;0;3;1;0;0;0;3;3;0;0;0;3;0;0;3;0;0;0;3;0;0;0;3;0;0;1;3;0;1;3;0;0;0;0;0;0;2;3;1;0;0;0;2;0
Plecoptera;Gripopterygidae;Acroperla;Acroperla trivacuata;ID190;0;0;3;0;0;0;3;0;0;0;3;0;3;0;0;0;3;1;0;0;0;3;3;0;0;0;3;0;0;3;1;0;0;3;0;0;0;3;0;0;1;3;0;1;3;0;0;0;0;0;0;2;3;1;0;0;0;2;0
Plecoptera;Gripopterygidae;Apteryoperla;Apteryoperla illiesi;ID191;0;0;3;0;0;0;3;0;0;1;3;0;3;0;0;0;3;1;0;0;0;3;3;0;0;0;3;0;0;3;0;0;0;3;0;0;0;3;0;0;1;3;0;2;2;0;0;0;0;0;0;2;2;2;0;0;0;3;0
Plecoptera;Gripopterygidae;Apteryoperla;Apteryoperla lakiula;ID192;0;0;3;0;0;0;3;0;0;1;3;0;3;0;0;0;3;1;0;0;0;3;1;0;3;0;3;0;0;3;0;0;0;3;0;0;0;3;0;0;1;3;0;2;2;0;0;0;0;0;0;2;3;1;0;0;0;1;0
Plecoptera;Gripopterygidae;Apteryoperla;Apteryoperla monticola;ID193;0;0;3;0;0;0;3;0;0;1;3;0;3;0;0;0;3;1;0;0;0;3;1;0;3;0;3;0;0;3;0;0;0;3;0;0;0;3;0;0;1;3;0;2;2;0;0;0;0;0;0;2;3;1;0;0;0;1;0
Plecoptera;Gripopterygidae;Apteryoperla;Apteryoperla nancyae;ID194;0;0;3;0;0;0;3;0;0;1;3;0;3;0;0;0;3;1;0;0;0;3;1;0;3;0;3;0;0;3;0;0;0;3;0;0;0;3;0;0;1;3;0;2;2;0;0;0;0;0;0;2;3;1;0;0;0;1;0
Plecoptera;Gripopterygidae;Apteryoperla;Apteryoperla ramsayi;ID195;0;0;3;0;0;0;3;0;0;1;3;0;3;0;0;0;3;1;0;0;0;3;1;0;3;0;3;0;0;3;0;0;0;3;0;0;0;3;0;0;1;3;0;2;2;0;0;0;0;0;0;2;3;1;0;0;0;1;0
Plecoptera;Gripopterygidae;Apteryoperla;Apteryoperla tillyardi;ID196;0;0;3;0;0;0;3;0;0;1;3;0;3;0;0;0;3;1;0;0;0;3;1;0;3;0;3;0;0;3;0;0;0;3;0;0;0;3;0;0;1;3;0;2;2;0;0;0;0;0;0;2;3;1;0;0;0;1;0
Plecoptera;Austroperlidae;Austroperla;Austroperla cyrene;ID197;0;0;3;0;0;0;3;0;0;3;1;0;3;0;0;0;3;1;0;0;0;3;3;0;0;0;3;0;0;2;2;0;0;3;0;0;0;3;0;0;1;3;0;3;0;1;0;1;0;2;2;0;3;2;0;0;0;3;0
Plecoptera;Notonemouridae;Cristaperla;Cristaperla eylesi;ID198;0;3;0;0;0;0;3;0;0;0;3;0;3;0;0;2;2;0;0;0;0;3;2;2;0;0;1;2;0;2;1;0;0;1;3;0;0;3;0;0;1;3;0;0;0;2;0;0;0;0;0;3;3;0;0;0;0;3;0
Plecoptera;Notonemouridae;Cristaperla;Cristaperla fimbria;ID199;0;3;0;0;0;0;3;0;0;0;3;0;3;0;0;2;2;0;0;0;0;3;2;2;0;0;1;2;0;2;1;0;0;1;3;0;0;3;0;0;1;3;0;0;0;2;0;0;0;0;0;3;3;0;0;0;0;3;0
Plecoptera;Notonemouridae;Cristaperla;Cristaperla waharoa;ID200;0;3;0;0;0;0;3;0;0;0;3;0;3;0;0;2;2;0;0;0;0;3;2;2;0;0;1;2;0;2;1;0;0;1;3;0;0;3;0;0;1;3;0;0;0;2;0;0;0;0;0;3;3;0;0;0;0;3;0
Plecoptera;Notonemouridae;Halticoperla;Halticoperla gibbsi;ID201;0;3;0;0;0;0;3;0;0;0;3;0;3;0;0;2;2;0;0;0;0;3;2;2;0;0;1;2;0;2;1;0;0;3;0;0;0;3;0;0;1;3;0;0;0;2;0;0;0;0;0;3;3;0;0;0;0;3;0
Plecoptera;Notonemouridae;Halticoperla;Halticoperla tara;ID202;0;3;0;0;0;0;3;0;0;0;3;0;3;0;0;2;2;0;0;0;0;3;2;2;0;0;1;2;0;2;1;0;0;3;0;0;0;3;0;0;1;3;0;0;0;2;0;0;0;0;0;3;3;0;0;0;0;3;0
Plecoptera;Notonemouridae;Halticoperla;Halticoperla viridans;ID203;0;3;0;0;0;0;3;0;0;0;3;0;3;0;0;2;2;0;0;0;0;3;2;2;0;0;1;2;0;2;1;0;0;3;0;0;0;3;0;0;1;3;0;0;0;2;0;0;0;0;0;3;3;0;0;0;0;3;0
Plecoptera;Gripopterygidae;Holcoperla;Holcoperla angularis;ID204;0;0;0;3;0;0;3;0;0;0;3;0;3;0;0;0;3;1;0;0;0;3;3;0;0;0;3;0;0;2;2;0;0;3;0;0;0;3;0;0;1;3;0;2;2;0;0;0;0;0;0;3;3;0;0;0;0;1;0
Plecoptera;Gripopterygidae;Holcoperla;Holcoperla jacksoni;ID205;0;0;0;3;0;0;3;0;0;0;3;0;3;0;0;0;3;1;0;0;0;3;1;0;3;0;3;0;0;2;2;0;0;3;0;0;0;3;0;0;1;3;0;2;2;0;0;0;0;0;0;3;3;0;0;0;0;1;0
Plecoptera;Gripopterygidae;Holcoperla;Holcoperla magna;ID206;0;0;0;3;0;0;3;0;0;0;3;0;3;0;0;0;3;1;0;0;0;3;1;0;3;0;3;0;0;2;2;0;0;3;0;0;0;3;0;0;1;3;0;2;2;0;0;0;0;0;0;3;3;0;0;0;0;1;0
Plecoptera;Gripopterygidae;Megaleptoperla;Megaleptoperla diminuta;ID207;0;3;0;0;0;0;3;0;0;3;2;0;3;0;0;0;3;1;0;0;0;3;3;2;0;0;1;0;3;2;1;0;0;3;0;0;0;3;0;0;1;3;0;2;2;1;0;0;0;0;0;2;2;2;0;0;0;3;0
Plecoptera;Gripopterygidae;Megaleptoperla;Megaleptoperla grandis;ID208;0;0;0;3;0;0;3;0;0;3;2;0;3;0;0;0;3;1;0;0;0;3;3;1;0;0;1;0;3;2;1;0;0;3;0;0;0;3;0;0;1;3;0;2;2;1;0;2;0;0;0;2;2;2;0;0;0;3;0
Plecoptera;Gripopterygidae;Nesoperla;Nesoperla fulvescens;ID209;0;0;3;0;0;0;3;0;0;0;3;0;3;0;0;0;3;1;0;3;0;0;2;2;0;0;3;0;0;2;2;0;0;3;0;0;0;3;0;0;1;3;0;0;2;2;0;0;0;0;0;2;3;1;0;0;0;1;0
Plecoptera;Gripopterygidae;Nesoperla;Nesoperla patricki;ID210;0;0;3;0;0;0;3;0;0;0;3;0;3;0;0;0;3;1;0;3;0;0;2;2;0;0;3;0;0;3;1;0;0;3;0;0;0;3;0;0;1;3;0;0;2;2;0;0;0;0;0;2;3;1;0;0;0;1;0
Plecoptera;Notonemouridae;Notonemoura;Notonemoura alisteri;ID211;0;3;0;0;0;0;3;0;0;0;3;0;3;0;0;2;2;0;0;0;0;3;2;2;0;0;1;2;0;2;1;0;0;3;0;0;0;3;0;0;1;3;0;0;0;2;0;0;0;0;0;3;3;0;0;0;0;3;0
Plecoptera;Notonemouridae;Notonemoura;Notonemoura hendersoni;ID212;0;3;0;0;0;0;3;0;0;0;3;0;3;0;0;2;2;0;0;0;0;3;2;2;0;0;1;2;0;2;1;0;0;3;0;0;0;3;0;0;1;3;0;0;0;2;0;0;0;0;0;3;3;0;0;0;0;3;0
Plecoptera;Notonemouridae;Notonemoura;Notonemoura latipennis;ID213;0;3;0;0;0;0;3;0;0;0;3;0;3;0;0;2;2;0;0;0;0;3;2;2;0;0;1;2;0;2;1;0;0;3;0;0;0;3;0;0;1;3;0;0;0;2;0;0;0;0;0;3;3;0;0;0;0;3;0
Plecoptera;Notonemouridae;Notonemoura;Notonemoura spinosa;ID214;0;3;0;0;0;0;3;0;0;0;3;0;3;0;0;2;2;0;0;0;0;3;2;2;0;0;1;2;0;2;1;0;0;3;0;0;0;3;0;0;1;3;0;0;0;2;0;0;0;0;0;3;3;0;0;0;0;3;0
Plecoptera;Notonemouridae;Notonemoura;Notonemoura winstanleyi;ID215;0;3;0;0;0;0;3;0;0;0;3;0;3;0;0;2;2;0;0;0;0;3;2;2;0;0;1;2;0;2;1;0;0;3;0;0;0;3;0;0;1;3;0;0;0;2;0;0;0;0;0;3;3;0;0;0;0;3;0
Plecoptera;Notonemouridae;Omanuperla;Omanuperla bruningi;ID216;0;3;0;0;0;0;3;0;0;0;3;0;3;0;0;2;2;0;0;0;0;3;2;2;0;0;1;2;0;3;1;0;0;1;3;0;0;3;0;0;1;3;0;0;0;2;0;0;0;0;0;3;3;0;0;0;0;3;0
Plecoptera;Notonemouridae;Omanuperla;Omanuperla hollowayae;ID217;0;3;0;0;0;0;3;0;0;0;3;0;3;0;0;2;2;0;0;0;0;3;2;2;0;0;1;2;0;3;1;0;0;1;3;0;0;3;0;0;1;3;0;0;0;2;0;0;0;0;0;3;3;0;0;0;0;3;0
Plecoptera;Notonemouridae;Otehiwi;Otehiwi sagittarius;ID218;0;3;0;0;0;0;3;0;0;0;3;0;3;0;0;2;2;0;0;0;0;3;2;2;0;0;1;2;1;3;1;0;0;3;0;0;0;3;0;0;1;3;0;0;0;2;0;0;0;0;0;3;3;0;0;0;0;3;0
Polychaeta;Polychaeta;Polychaeta;Polychaeta;ID219;0;0;0;3;1;0;0;0;0;0;3;0;3;0;0;0;0;3;0;0;3;0;0;3;0;0;3;0;0;0;3;0;0;0;3;0;0;0;3;0;0;3;0;0;0;3;0;0;0;0;0;0;3;0;0;0;3;0;0
Tardigrada;Tardigrada;Tardigrada;Tardigrada;ID220;3;0;0;0;0;3;0;0;0;0;0;3;0;3;0;0;0;2;2;2;0;2;1;0;3;0;2;2;0;0;3;0;0;3;0;0;0;3;0;0;0;3;0;2;2;0;0;2;2;0;3;0;0;0;0;3;3;0;0
Plecoptera;Notonemouridae;Spaniocerca;Spaniocerca acuta;ID221;0;3;0;0;0;0;3;0;0;0;3;0;3;0;0;2;2;0;0;0;0;3;2;2;0;0;1;2;0;2;1;0;0;3;0;0;0;3;0;0;1;3;0;0;0;2;0;0;0;0;0;3;3;0;0;0;0;3;0
Plecoptera;Notonemouridae;Spaniocerca;Spaniocerca bicornuta;ID222;0;3;0;0;0;0;3;0;0;0;3;0;3;0;0;2;2;0;0;0;0;3;2;2;0;0;1;2;0;2;1;0;0;3;0;0;0;3;0;0;1;3;0;0;0;2;0;0;0;0;0;3;3;0;0;0;0;3;0
Plecoptera;Notonemouridae;Spaniocerca;Spaniocerca hamishi;ID223;0;3;0;0;0;0;3;0;0;0;3;0;3;0;0;2;2;0;0;0;0;3;2;2;0;0;1;2;0;2;1;0;0;3;0;0;0;3;0;0;1;3;0;0;0;2;0;0;0;0;0;3;3;0;0;0;0;3;0
Plecoptera;Notonemouridae;Spaniocerca;Spaniocerca longicauda;ID224;0;3;0;0;0;0;3;0;0;0;3;0;3;0;0;2;2;0;0;0;0;3;2;2;0;0;1;2;0;2;1;0;0;3;0;0;0;3;0;0;1;3;0;0;0;2;0;0;0;0;0;3;3;0;0;0;0;3;0
Plecoptera;Notonemouridae;Spaniocerca;Spaniocerca minor;ID225;0;3;0;0;0;0;3;0;0;0;3;0;3;0;0;2;2;0;0;0;0;3;2;2;0;0;1;2;0;2;1;0;0;3;0;0;0;3;0;0;1;3;0;0;0;2;0;0;0;0;0;3;3;0;0;0;0;3;0
Plecoptera;Notonemouridae;Spaniocerca;Spaniocerca zelandica;ID226;0;3;0;0;0;0;3;0;0;0;3;0;3;0;0;2;2;0;0;0;0;3;2;2;0;0;1;2;0;2;1;0;0;3;0;0;0;3;0;0;1;3;0;0;0;2;0;0;0;0;0;3;3;0;0;0;0;3;0
Plecoptera;Notonemouridae;Spaniocerca;Spaniocerca zwicki;ID227;0;3;0;0;0;0;3;0;0;0;3;0;3;0;0;2;2;0;0;0;0;3;2;2;0;0;1;2;0;2;1;0;0;3;0;0;0;3;0;0;1;3;0;0;0;2;0;0;0;0;0;3;3;0;0;0;0;3;0
Plecoptera;Notonemouridae;Spaniocercoides;Spaniocercoides cowleyi;ID228;0;3;0;0;0;0;3;0;0;0;3;0;3;0;0;2;2;0;0;0;0;3;2;2;0;0;1;2;0;2;1;0;0;1;3;0;0;3;0;0;1;3;0;0;0;2;0;0;0;0;0;3;3;0;0;0;0;3;0
Plecoptera;Notonemouridae;Spaniocercoides;Spaniocercoides foxi;ID229;0;3;0;0;0;0;3;0;0;0;3;0;3;0;0;2;2;0;0;0;0;3;2;2;0;0;1;2;0;2;1;0;0;1;3;0;0;3;0;0;1;3;0;0;0;2;0;0;0;0;0;3;3;0;0;0;0;3;0
Plecoptera;Notonemouridae;Spaniocercoides;Spaniocercoides howesi;ID230;0;3;0;0;0;0;3;0;0;0;3;0;3;0;0;2;2;0;0;0;0;3;2;2;0;0;1;2;0;2;1;0;0;1;3;0;0;3;0;0;1;2;0;0;0;2;0;0;0;0;0;3;3;0;0;0;0;3;0
Plecoptera;Notonemouridae;Spaniocercoides;Spaniocercoides hudsoni;ID231;0;3;0;0;0;0;3;0;0;0;3;0;3;0;0;2;2;0;0;0;0;3;2;2;0;0;1;2;0;2;1;0;0;1;3;0;0;3;0;0;1;2;0;0;0;2;0;0;0;0;0;3;3;0;0;0;0;3;0
Plecoptera;Notonemouridae;Spaniocercoides;Spaniocercoides jacksoni;ID232;0;3;0;0;0;0;3;0;0;0;3;0;3;0;0;2;2;0;0;0;0;3;2;2;0;0;1;2;0;2;1;0;0;1;3;0;0;3;0;0;1;2;0;0;0;2;0;0;0;0;0;3;3;0;0;0;0;3;0
Plecoptera;Notonemouridae;Spaniocercoides;Spaniocercoides philpotti;ID233;0;3;0;2;0;0;3;0;0;0;3;0;3;0;0;2;2;0;0;0;0;3;2;2;0;0;1;2;0;2;1;0;0;3;0;0;0;3;0;0;1;2;0;0;0;2;0;0;0;0;0;3;3;0;0;0;0;3;0
Plecoptera;Notonemouridae;Spaniocercoides;Spaniocercoides townsendi;ID234;0;3;0;0;0;0;3;0;0;0;3;0;3;0;0;2;2;0;0;0;0;3;2;2;0;0;1;2;0;2;1;0;0;1;3;0;0;3;0;0;1;2;0;0;0;2;0;0;0;0;0;3;3;0;0;0;0;3;0
Plecoptera;Notonemouridae;Spaniocercoides;Spaniocercoides watti;ID235;0;3;0;0;0;0;3;0;0;0;3;0;3;0;0;2;2;0;0;0;0;3;2;2;0;0;1;2;0;2;1;0;0;1;3;0;0;3;0;0;1;2;0;0;0;2;0;0;0;0;0;3;3;0;0;0;0;3;0
Plecoptera;Eustheniidae;Stenoperla;Stenoperla helsoni;ID236;0;0;0;3;0;0;3;0;0;0;3;1;3;0;0;0;1;3;0;0;0;3;3;0;0;0;3;0;0;2;2;0;0;3;0;0;0;3;0;0;3;1;0;0;1;0;0;3;0;0;1;3;2;2;0;0;0;3;0
Plecoptera;Eustheniidae;Stenoperla;Stenoperla hendersoni;ID237;0;0;0;3;0;0;3;0;0;0;3;1;3;0;0;0;1;3;0;0;0;3;3;0;0;0;3;0;0;0;0;3;0;3;0;0;0;3;0;0;3;1;0;0;1;0;0;3;0;0;1;3;2;2;0;0;0;3;0
Plecoptera;Eustheniidae;Stenoperla;Stenoperla maclellani;ID238;0;0;0;3;0;0;3;0;0;0;3;1;3;0;0;0;1;3;0;0;0;3;3;0;0;0;3;0;0;0;0;3;0;3;0;0;0;3;0;0;3;1;0;0;1;0;0;3;0;0;1;3;2;2;0;0;0;3;0
Plecoptera;Eustheniidae;Stenoperla;Stenoperla prasina;ID239;0;0;0;3;0;0;3;0;0;0;3;1;3;0;0;0;1;3;0;0;0;3;3;0;0;0;3;0;0;0;0;3;0;3;0;0;0;3;0;0;3;1;0;0;1;0;0;3;0;0;1;3;2;2;0;0;0;3;0
Plecoptera;Gripopterygidae;Taraperla;Taraperla ancilis;ID240;0;0;3;0;0;0;3;0;0;0;3;0;3;0;0;0;3;1;0;0;0;3;3;1;0;0;3;0;0;2;1;0;0;3;0;0;0;3;0;0;1;3;0;2;2;0;0;0;0;0;0;3;3;1;0;0;0;2;0
Plecoptera;Gripopterygidae;Taraperla;Taraperla howesi;ID241;0;0;3;0;0;0;3;0;0;0;3;0;3;0;0;0;3;1;0;0;0;3;3;1;0;0;3;0;0;2;1;0;0;3;0;0;0;3;0;0;1;3;0;2;2;0;0;0;0;0;0;3;3;1;0;0;0;2;0
Plecoptera;Gripopterygidae;Taraperla;Taraperla johnsi;ID242;0;0;3;0;0;0;3;0;0;0;3;0;3;0;0;0;3;1;0;0;0;3;3;1;0;0;3;0;0;2;1;0;0;3;0;0;0;3;0;0;1;3;0;2;2;0;0;0;0;0;0;3;3;1;0;0;0;2;0
Plecoptera;Gripopterygidae;Taraperla;Taraperla pseudocyrene;ID243;0;0;3;0;0;0;3;0;0;0;3;0;3;0;0;0;3;1;0;0;0;3;3;1;0;0;3;0;0;2;1;0;0;3;0;0;0;3;0;0;1;3;0;2;2;0;0;0;0;0;0;3;3;1;0;0;0;2;0
Plecoptera;Gripopterygidae;Vesicaperla;Vesicaperla celmisia;ID244;0;0;3;0;0;0;3;0;0;2;2;0;3;0;0;0;3;1;0;0;0;3;0;0;3;0;3;0;0;3;1;0;0;3;0;0;0;3;0;0;1;3;0;2;2;0;0;0;0;0;1;3;3;0;0;0;0;1;0
Plecoptera;Gripopterygidae;Vesicaperla;Vesicaperla dugdalei;ID245;0;0;3;0;0;0;3;0;0;2;2;0;3;0;0;0;3;1;0;0;0;3;0;0;3;0;3;0;0;3;1;0;0;3;0;0;0;3;0;0;1;3;0;2;2;0;0;0;0;0;1;3;3;0;0;0;0;1;0
Plecoptera;Gripopterygidae;Vesicaperla;Vesicaperla eylesi;ID246;0;0;3;0;0;0;3;0;0;2;2;0;3;0;0;0;3;1;0;0;0;3;0;0;3;0;3;0;0;3;1;0;0;3;0;0;0;3;0;0;1;3;0;2;2;0;0;0;0;0;1;3;3;0;0;0;0;1;0
Plecoptera;Gripopterygidae;Vesicaperla;Vesicaperla kuscheli;ID247;0;0;3;0;0;0;3;0;0;2;2;0;3;0;0;0;3;1;0;0;0;3;0;0;3;0;3;0;0;3;1;0;0;3;0;0;0;3;0;0;1;3;0;2;2;0;0;0;0;0;1;3;3;0;0;0;0;1;0
Plecoptera;Gripopterygidae;Vesicaperla;Vesicaperla substirpes;ID248;0;0;3;0;0;0;3;0;0;2;2;0;3;0;0;0;3;1;0;0;0;3;0;0;3;0;3;0;0;3;1;0;0;3;0;0;0;3;0;0;1;3;0;2;2;0;0;0;0;0;1;3;3;0;0;0;0;1;0
Plecoptera;Gripopterygidae;Vesicaperla;Vesicaperla townsendi;ID249;0;0;3;0;0;0;3;0;0;2;2;0;3;0;0;0;3;1;0;0;0;3;0;0;3;0;3;0;0;3;1;0;0;3;0;0;0;3;0;0;1;3;0;2;2;0;0;0;0;0;1;3;3;0;0;0;0;1;0
Plecoptera;Gripopterygidae;Vesicaperla;Vesicaperla trilinea;ID250;0;0;3;0;0;0;3;0;0;2;2;0;3;0;0;0;3;1;0;0;0;3;0;0;3;0;3;0;0;3;1;0;0;3;0;0;0;3;0;0;1;3;0;2;2;0;0;0;0;0;1;3;3;0;0;0;0;1;0
Plecoptera;Gripopterygidae;Zelandobius;Zelandobius alatus;ID251;0;3;0;0;0;0;3;0;0;0;3;0;3;0;0;2;2;0;0;0;0;3;3;0;0;0;2;2;0;3;0;0;0;3;0;0;0;3;0;0;1;3;0;1;3;0;0;0;0;0;1;3;3;1;0;0;0;3;0
Plecoptera;Gripopterygidae;Zelandobius;Zelandobius albofasciatus;ID252;0;3;0;0;0;0;3;0;0;0;3;0;3;0;0;2;2;0;0;0;0;3;3;0;0;0;2;2;0;3;0;0;0;3;0;0;0;3;0;0;1;3;0;1;3;0;0;0;0;0;1;3;3;1;0;0;0;3;0
Plecoptera;Gripopterygidae;Zelandobius;Zelandobius auratus;ID253;0;3;0;0;0;0;3;0;0;0;3;0;3;0;0;2;2;0;0;0;0;3;3;0;0;0;2;2;0;3;0;0;0;3;0;0;0;3;0;0;1;3;0;1;3;0;0;0;0;0;1;3;3;1;0;0;0;3;0
Plecoptera;Gripopterygidae;Zelandobius;Zelandobius brevicauda;ID254;0;3;0;0;0;0;3;0;0;0;3;0;3;0;0;2;2;0;0;0;0;3;3;0;0;0;2;2;0;3;0;0;0;3;0;0;0;3;0;0;1;3;0;1;3;0;0;0;0;0;1;3;3;1;0;0;0;3;0
Plecoptera;Gripopterygidae;Zelandobius;Zelandobius childi;ID255;0;3;0;0;0;0;3;0;0;0;3;0;3;0;0;2;2;0;0;0;0;3;3;0;0;0;2;2;0;3;0;0;0;3;0;0;0;3;0;0;1;3;0;1;3;0;0;0;0;0;1;3;3;1;0;0;0;3;0
Plecoptera;Gripopterygidae;Zelandobius;Zelandobius confusus;ID256;0;3;0;0;0;0;3;0;0;0;3;0;3;0;0;2;2;0;0;0;0;3;3;0;0;0;2;2;0;2;2;0;0;3;0;0;0;3;0;0;1;3;0;1;3;0;0;0;0;0;1;3;3;1;0;0;0;3;0
Plecoptera;Gripopterygidae;Zelandobius;Zelandobius cordatus;ID257;0;3;0;0;0;0;3;0;0;0;3;0;3;0;0;2;2;0;0;0;0;3;3;0;0;0;2;2;0;3;0;0;0;3;0;0;0;3;0;0;1;3;0;1;3;0;0;0;0;0;1;3;3;1;0;0;0;3;0
Plecoptera;Gripopterygidae;Zelandobius;Zelandobius dugdalei;ID258;0;3;0;0;0;0;3;0;0;0;3;0;3;0;0;2;2;0;0;0;0;3;3;0;0;0;2;2;0;3;0;0;0;3;0;0;0;3;0;0;1;3;0;1;3;0;0;0;0;0;1;3;3;1;0;0;0;3;0
Plecoptera;Gripopterygidae;Zelandobius;Zelandobius foxi;ID259;0;0;3;0;0;0;3;0;0;0;3;0;3;0;0;2;2;0;0;0;0;3;3;0;0;0;2;2;0;3;1;0;0;3;0;0;0;3;0;0;1;3;0;1;3;0;0;0;0;0;1;3;3;1;0;0;0;3;0
Plecoptera;Gripopterygidae;Zelandobius;Zelandobius furcillatus;ID260;0;3;0;0;0;0;3;0;0;0;3;0;3;0;0;2;2;0;0;0;0;3;3;0;0;0;2;2;0;2;2;0;0;3;0;0;0;3;0;0;1;3;0;1;3;0;0;0;0;0;1;3;3;1;0;0;0;3;0
Plecoptera;Gripopterygidae;Zelandobius;Zelandobius gibbsi;ID261;0;3;0;0;0;0;3;0;0;0;3;0;3;0;0;2;2;0;0;0;0;3;3;0;0;0;2;2;0;3;1;0;0;3;0;0;0;3;0;0;1;3;0;1;3;0;0;0;0;0;1;3;3;1;0;0;0;3;0
Plecoptera;Gripopterygidae;Zelandobius;Zelandobius illiesi;ID262;0;3;0;0;0;0;3;0;0;0;3;0;3;0;0;2;2;0;0;0;0;3;3;0;0;0;2;2;0;3;1;0;0;3;0;0;0;3;0;0;1;3;0;1;3;0;0;0;0;0;1;3;3;1;0;0;0;3;0
Plecoptera;Gripopterygidae;Zelandobius;Zelandobius inversus;ID263;0;3;0;0;0;0;3;0;0;0;3;0;3;0;0;2;2;0;0;0;0;3;3;0;0;0;2;2;0;3;0;0;0;3;0;0;0;3;0;0;1;3;0;1;3;0;0;0;0;0;1;3;3;1;0;0;0;3;0
Plecoptera;Gripopterygidae;Zelandobius;Zelandobius jacksoni;ID264;0;3;0;0;0;0;3;0;0;0;3;0;3;0;0;2;2;0;0;0;0;3;3;0;0;0;2;2;0;3;0;0;0;3;0;0;0;3;0;0;1;3;0;1;3;0;0;0;0;0;1;3;3;1;0;0;0;3;0
Plecoptera;Gripopterygidae;Zelandobius;Zelandobius kuscheli;ID265;0;3;0;0;0;0;3;0;0;0;3;0;3;0;0;2;2;0;0;0;0;3;3;0;0;0;2;2;0;3;0;0;0;3;0;0;0;3;0;0;1;3;0;1;3;0;0;0;0;0;1;3;3;1;0;0;0;3;0
Plecoptera;Gripopterygidae;Zelandobius;Zelandobius macburneyi;ID266;0;0;3;0;0;0;3;0;0;0;3;0;3;0;0;2;2;0;0;0;0;3;3;0;0;0;2;2;0;2;2;0;0;3;0;0;0;3;0;0;1;3;0;1;3;0;0;0;0;0;1;3;3;1;0;0;0;3;0
Plecoptera;Gripopterygidae;Zelandobius;Zelandobius mariae;ID267;0;3;0;0;0;0;3;0;0;0;3;0;3;0;0;2;2;0;0;0;0;3;3;0;0;0;2;2;0;3;0;0;0;3;0;0;0;3;0;0;1;3;0;1;3;0;0;0;0;0;1;3;3;1;0;0;0;3;0
Plecoptera;Gripopterygidae;Zelandobius;Zelandobius montanus;ID268;0;0;3;0;0;0;3;0;0;0;3;0;3;0;0;2;2;0;0;0;0;3;3;0;0;0;2;2;0;3;0;0;0;3;0;0;0;3;0;0;1;3;0;1;3;0;0;0;0;0;1;3;3;1;0;0;0;3;0
Plecoptera;Gripopterygidae;Zelandobius;Zelandobius ngaire;ID269;0;3;0;0;0;0;3;0;0;0;3;0;3;0;0;2;2;0;0;0;0;3;3;0;0;0;2;2;0;3;0;0;0;3;0;0;0;3;0;0;1;3;0;1;3;0;0;0;0;0;1;3;3;1;0;0;0;3;0
Plecoptera;Gripopterygidae;Zelandobius;Zelandobius patricki;ID270;0;3;0;0;0;0;3;0;0;0;3;0;3;0;0;2;2;0;0;0;0;3;3;0;0;0;2;2;0;2;2;0;0;3;0;0;0;3;0;0;1;3;0;1;3;0;0;0;0;0;1;3;3;1;0;0;0;3;0
Plecoptera;Gripopterygidae;Zelandobius;Zelandobius peglegensis;ID271;0;3;0;0;0;0;3;0;0;0;3;0;3;0;0;2;2;0;0;0;0;3;3;0;0;0;2;2;0;3;0;0;0;3;0;0;0;3;0;0;1;3;0;1;3;0;0;0;0;0;1;3;3;1;0;0;0;3;0
Plecoptera;Gripopterygidae;Zelandobius;Zelandobius pilosus;ID272;0;3;0;0;0;0;3;0;0;0;3;0;3;0;0;2;2;0;0;0;0;3;3;0;0;0;1;3;0;3;1;0;0;3;0;0;0;3;0;0;1;3;0;1;3;0;0;0;0;0;1;3;3;1;0;0;0;3;0
Plecoptera;Gripopterygidae;Zelandobius;Zelandobius takahe;ID273;0;3;0;0;0;0;3;0;0;0;3;0;3;0;0;2;2;0;0;0;0;3;3;0;0;0;2;2;0;3;0;0;0;3;0;0;0;3;0;0;1;3;0;1;3;0;0;0;0;0;1;3;3;1;0;0;0;3;0
Plecoptera;Gripopterygidae;Zelandobius;Zelandobius truncus;ID274;0;3;0;0;0;0;3;0;0;0;3;0;3;0;0;2;2;0;0;0;0;3;3;0;0;0;2;2;0;3;0;0;0;3;0;0;0;3;0;0;1;3;0;1;3;0;0;0;0;0;1;3;3;1;0;0;0;3;0
Plecoptera;Gripopterygidae;Zelandobius;Zelandobius unicolor;ID275;0;3;0;0;0;0;3;0;0;0;3;0;3;0;0;2;2;0;0;0;0;3;3;0;0;0;2;2;0;2;2;0;0;3;0;0;0;3;0;0;1;3;0;1;3;0;0;0;0;0;1;3;3;1;0;0;0;3;0
Plecoptera;Gripopterygidae;Zelandobius;Zelandobius uniramus;ID276;0;3;0;0;0;0;3;0;0;0;3;0;3;0;0;2;2;0;0;0;0;3;3;0;0;0;2;2;0;3;1;0;0;3;0;0;0;3;0;0;1;3;0;1;3;0;0;0;0;0;1;3;3;1;0;0;0;3;0
Plecoptera;Gripopterygidae;Zelandobius;Zelandobius wardi;ID277;0;3;0;0;0;0;3;0;0;0;3;0;3;0;0;2;2;0;0;0;0;3;3;0;0;0;2;2;0;3;0;0;0;3;0;0;0;3;0;0;1;3;0;1;3;0;0;0;0;0;1;3;3;1;0;0;0;3;0
Plecoptera;Gripopterygidae;Zelandoperla;Zelandoperla agnetis;ID278;0;0;3;0;0;0;3;0;0;0;3;0;3;0;0;0;0;3;0;0;0;3;3;0;0;0;3;0;0;1;3;0;0;3;0;0;0;3;0;0;3;2;0;0;3;0;0;0;0;0;2;2;2;2;0;0;0;3;0
Plecoptera;Gripopterygidae;Zelandoperla;Zelandoperla decorata;ID279;0;0;3;0;0;0;3;0;0;0;3;0;3;0;0;0;0;3;0;0;0;3;3;0;0;0;3;0;0;1;3;0;0;3;0;0;0;3;0;0;3;2;0;0;3;0;0;0;0;0;2;2;2;2;0;0;0;3;0
Plecoptera;Gripopterygidae;Zelandoperla;Zelandoperla denticulata;ID280;0;0;3;0;0;0;3;0;0;0;3;0;3;0;0;0;0;3;0;0;0;3;3;0;0;0;3;0;0;2;1;0;0;3;0;0;0;3;0;0;3;2;0;0;3;0;0;0;0;0;2;2;2;2;0;0;0;3;0
Plecoptera;Gripopterygidae;Zelandoperla;Zelandoperla fenestrata;ID281;0;0;3;0;0;0;3;0;0;0;3;0;3;0;0;0;0;3;0;0;0;3;3;0;0;0;3;0;0;1;3;0;0;3;0;0;0;3;0;0;3;2;0;0;3;0;0;0;0;0;2;2;2;2;0;0;0;3;0
Plecoptera;Gripopterygidae;Zelandoperla;Zelandoperla pennulata;ID282;0;0;2;2;0;0;3;0;0;0;3;0;3;0;0;0;0;3;0;0;0;3;3;0;0;0;3;0;0;2;1;0;0;3;0;0;0;3;0;0;3;2;0;0;3;0;0;0;0;0;2;2;2;2;0;0;0;3;0
Plecoptera;Gripopterygidae;Zelandoperla;Zelandoperla tillyardi;ID283;0;0;3;0;0;0;3;0;0;0;3;0;3;0;0;0;0;3;0;0;0;3;3;0;0;0;3;0;0;2;1;0;0;3;0;0;0;3;0;0;3;2;0;0;3;0;0;0;0;0;2;2;2;2;0;0;0;3;0
Trichoptera;Calocidae;Pycnocentrella;Pycnocentrella eruensis;ID284;0;3;0;0;0;0;3;0;0;0;3;0;3;0;0;3;0;0;0;0;0;3;0;3;0;0;0;3;0;2;2;0;0;3;0;0;3;0;0;0;0;3;0;0;3;0;0;0;0;0;1;3;3;0;0;0;0;0;3
Trichoptera;Chathamiidae;Chathamia;Chathamia brevipennis;ID285;0;3;0;0;0;0;3;0;0;0;3;0;3;0;0;3;1;0;0;0;0;3;0;3;0;0;0;3;0;3;1;0;0;3;0;0;3;0;0;0;0;3;0;0;3;0;0;0;0;0;2;2;2;3;0;0;0;0;3
Trichoptera;Chathamiidae;Chathamia;Chathamia integripennis;ID286;0;3;0;0;0;0;3;0;0;0;3;0;3;0;0;3;1;0;0;0;0;3;0;3;0;0;0;3;0;2;2;1;0;3;0;0;3;0;0;0;0;3;0;0;3;0;0;0;0;0;2;2;2;3;0;0;0;0;3
Trichoptera;Hydrobiosidae;Atrachorema;Atrachorema macfarlanei;ID287;0;0;2;0;0;0;3;0;0;0;3;0;3;0;0;0;3;0;0;0;0;3;0;3;0;0;0;3;0;2;2;0;0;3;0;0;0;3;2;1;0;3;0;0;0;0;0;3;0;0;1;3;3;0;0;0;0;0;3
Trichoptera;Hydrobiosidae;Atrachorema;Atrachorema mangu;ID288;0;0;2;0;0;0;3;0;0;0;3;0;3;0;0;0;3;0;0;0;0;3;0;3;0;0;0;3;0;2;2;0;0;3;0;0;0;3;2;1;0;3;0;0;0;0;0;3;0;0;1;3;3;0;0;0;0;0;3
Trichoptera;Hydrobiosidae;Atrachorema;Atrachorema tuarua;ID289;0;0;2;0;0;0;3;0;0;0;3;0;3;0;0;0;3;0;0;0;0;3;0;3;0;0;0;3;0;2;2;1;0;3;0;0;0;3;2;1;0;3;0;0;0;0;0;3;0;0;1;3;3;0;0;0;0;0;3
Trichoptera;Ecnomidae;Ecnomina;Ecnomina zealandica;ID290;3;0;0;0;0;0;3;0;0;0;3;0;3;0;0;2;1;0;0;0;0;3;0;3;0;0;3;1;0;2;2;0;0;1;0;2;0;3;2;0;0;3;0;0;0;0;3;1;0;0;2;2;3;0;0;0;0;0;3
Trichoptera;Hydrobiosidae;Costachorema;Costachorema brachypterum;ID291;0;0;0;3;0;0;3;0;0;0;3;0;3;0;0;0;3;0;0;0;0;3;0;3;0;0;0;3;0;3;2;2;0;3;0;0;0;3;2;0;0;3;0;0;0;0;0;3;0;0;1;3;3;0;0;0;0;0;3
Trichoptera;Hydrobiosidae;Costachorema;Costachorema callistum;ID292;0;0;3;0;0;0;3;0;0;0;3;0;3;0;0;0;3;0;0;0;0;3;0;3;0;0;0;3;0;2;2;2;0;3;0;0;0;3;2;0;0;3;0;0;0;0;0;3;0;0;1;3;3;0;0;0;0;0;3
Trichoptera;Hydrobiosidae;Costachorema;Costachorema hebdomon;ID293;0;0;0;3;0;0;3;0;0;0;3;0;3;0;0;0;3;0;0;0;0;3;0;3;0;0;0;3;0;3;2;0;0;3;0;0;0;3;2;0;0;3;0;0;0;0;0;3;0;0;1;3;3;0;0;0;0;0;3
Trichoptera;Hydrobiosidae;Costachorema;Costachorema hecton;ID294;0;0;3;1;0;0;3;0;0;0;3;0;3;0;0;0;3;0;0;0;0;3;0;3;0;0;0;3;0;2;2;0;0;3;0;0;0;3;2;0;0;3;0;0;0;0;0;3;0;0;1;3;3;0;0;0;0;0;3
Trichoptera;Hydrobiosidae;Costachorema;Costachorema notopterum;ID295;0;0;3;0;0;0;3;0;0;0;3;0;3;0;0;0;3;0;0;0;0;3;0;3;0;0;0;3;0;2;2;0;0;3;0;0;0;3;2;0;0;3;0;0;0;0;0;3;0;0;1;3;3;0;0;0;0;0;3
Trichoptera;Hydrobiosidae;Costachorema;Costachorema peninsulae;ID296;0;0;0;3;0;0;3;0;0;0;3;0;3;0;0;0;3;0;0;0;0;3;0;3;0;0;0;3;0;3;0;0;0;3;0;0;0;3;2;0;0;3;0;0;0;0;0;3;0;0;1;3;3;0;0;0;0;0;3
Trichoptera;Hydrobiosidae;Costachorema;Costachorema psaropterum;ID297;0;0;3;1;0;0;3;0;0;0;3;0;3;0;0;0;3;0;0;0;0;3;0;3;0;0;0;3;0;2;2;2;0;3;0;0;0;3;2;0;0;3;0;0;0;0;0;3;0;0;1;3;3;0;0;0;0;0;3
Trichoptera;Hydrobiosidae;Costachorema;Costachorema xanthopterum;ID298;0;0;0;3;0;0;3;0;0;0;3;0;3;0;0;0;3;0;0;0;0;3;0;3;0;0;0;3;0;2;2;2;0;3;0;0;0;3;2;0;0;3;0;0;0;0;0;3;0;0;1;3;3;0;0;0;0;0;3
Trichoptera;Hydrobiosidae;Edpercivalia;Edpercivalia maxima;ID299;0;0;0;3;0;0;3;0;0;0;3;0;3;0;0;0;3;0;0;0;0;3;0;3;0;0;0;3;0;2;2;0;0;3;0;0;0;3;2;0;0;3;0;0;0;0;0;3;0;0;1;3;3;0;0;0;0;0;3
Trichoptera;Chathamiidae;Philanisus;Philanisus fasciatus;ID300;0;3;0;0;0;0;3;0;0;0;3;0;3;0;0;3;1;0;0;0;0;3;0;3;0;0;0;3;0;2;2;1;0;3;0;0;3;0;0;0;0;3;0;0;3;0;0;0;0;3;2;0;2;3;0;0;0;0;3
Trichoptera;Chathamiidae;Philanisus;Philanisus mataua;ID301;0;3;0;0;0;0;3;0;0;0;3;0;3;0;0;3;1;0;0;0;0;3;0;3;0;0;0;3;0;2;2;0;0;3;0;0;3;0;0;0;0;3;0;0;3;0;0;0;0;3;2;0;2;3;0;0;0;0;3
Trichoptera;Hydrobiosidae;Edpercivalia;Edpercivalia banksiensis;ID302;0;0;3;0;0;0;3;0;0;0;3;0;3;0;0;0;3;0;0;0;0;3;0;3;0;0;0;3;0;3;0;0;0;3;0;0;0;3;2;0;0;3;0;0;0;0;0;3;0;0;1;3;3;0;0;0;0;0;3
Trichoptera;Hydrobiosidae;Edpercivalia;Edpercivalia borealis;ID303;0;0;3;0;0;0;3;0;0;0;3;0;3;0;0;0;3;0;0;0;0;3;0;3;0;0;0;3;0;2;2;0;0;3;0;0;0;3;2;0;0;3;0;0;0;0;0;3;0;0;1;3;3;0;0;0;0;0;3
Trichoptera;Hydrobiosidae;Edpercivalia;Edpercivalia cassicola;ID304;0;0;3;0;0;0;3;0;0;0;3;0;3;0;0;0;3;0;0;0;0;3;0;3;0;0;0;3;0;2;3;0;0;3;0;0;0;3;2;0;0;3;0;0;0;0;0;3;0;0;1;3;3;0;0;0;0;0;3
Trichoptera;Hydrobiosidae;Edpercivalia;Edpercivalia dugdalei;ID305;0;0;3;0;0;0;3;0;0;0;3;0;3;0;0;0;3;0;0;0;0;3;0;3;0;0;0;3;0;3;0;0;0;3;0;0;0;3;2;0;0;3;0;0;0;0;0;3;0;0;1;3;3;0;0;0;0;0;3
Trichoptera;Hydrobiosidae;Edpercivalia;Edpercivalia flintorum;ID306;0;0;3;0;0;0;3;0;0;0;3;0;3;0;0;0;3;0;0;0;0;3;0;3;0;0;0;3;0;3;0;0;0;3;0;0;0;3;2;0;0;3;0;0;0;0;0;3;0;0;1;3;3;0;0;0;0;0;3
Trichoptera;Hydrobiosidae;Edpercivalia;Edpercivalia fusca;ID307;0;0;3;0;0;0;3;0;0;0;3;0;3;0;0;0;3;0;0;0;0;3;0;3;0;0;0;3;0;2;2;0;0;3;0;0;0;3;2;0;0;3;0;0;0;0;0;3;0;0;1;3;3;0;0;0;0;0;3
Trichoptera;Hydrobiosidae;Edpercivalia;Edpercivalia harrisoni;ID308;0;0;0;3;0;0;3;0;0;0;3;0;3;0;0;0;3;0;0;0;0;3;0;3;0;0;0;3;0;2;1;0;0;3;0;0;0;3;2;0;0;3;0;0;0;0;0;3;0;0;1;3;3;0;0;0;0;0;3
Trichoptera;Hydrobiosidae;Edpercivalia;Edpercivalia morrisi;ID309;0;0;3;0;0;0;3;0;0;0;3;0;3;0;0;0;3;0;0;0;0;3;0;3;0;0;0;3;0;2;1;0;0;3;0;0;0;3;2;0;0;3;0;0;0;0;0;3;0;0;1;3;3;0;0;0;0;0;3
Trichoptera;Hydrobiosidae;Edpercivalia;Edpercivalia oriens;ID310;0;0;3;0;0;0;3;0;0;0;3;0;3;0;0;0;3;0;0;0;0;3;0;3;0;0;0;3;0;2;2;0;0;3;0;0;0;3;2;0;0;3;0;0;0;0;0;3;0;0;1;3;3;0;0;0;0;0;3
Trichoptera;Hydrobiosidae;Edpercivalia;Edpercivalia shandi;ID311;0;0;3;0;0;0;3;0;0;0;3;0;3;0;0;0;3;0;0;0;0;3;0;3;0;0;0;3;0;3;1;0;0;3;0;0;0;3;2;0;0;3;0;0;0;0;0;3;0;0;1;3;3;0;0;0;0;0;3
Trichoptera;Hydrobiosidae;Edpercivalia;Edpercivalia spaini;ID312;0;0;3;0;0;0;3;0;0;0;3;0;3;0;0;0;3;0;0;0;0;3;0;3;0;0;0;3;0;2;2;0;0;3;0;0;0;3;2;0;0;3;0;0;0;0;0;3;0;0;1;3;3;0;0;0;0;0;3
Trichoptera;Hydrobiosidae;Edpercivalia;Edpercivalia thomasoni;ID313;0;0;3;0;0;0;3;0;0;0;3;0;3;0;0;0;3;0;0;0;0;3;0;3;0;0;0;3;0;2;2;0;0;3;0;0;0;3;2;0;0;3;0;0;0;0;0;3;0;0;1;3;3;0;0;0;0;0;3
Trichoptera;Hydrobiosidae;Edpercivalia;Edpercivalia schistaria;ID314;0;0;3;0;0;0;3;0;0;0;3;0;3;0;0;0;3;0;0;0;0;3;0;3;0;0;0;3;0;3;0;0;0;3;0;0;0;3;2;0;0;3;0;0;0;0;0;3;0;0;1;3;3;0;0;0;0;0;3
Trichoptera;Hydrobiosidae;Edpercivalia;Edpercivalia tahatika;ID315;0;0;3;0;0;0;3;0;0;0;3;0;3;0;0;0;3;0;0;0;0;3;0;3;0;0;0;3;0;3;0;0;0;3;0;0;0;3;2;0;0;3;0;0;0;0;0;3;0;0;1;3;3;0;0;0;0;0;3
Trichoptera;Hydrobiosidae;Edpercivalia;Edpercivalia smithi;ID316;0;0;3;0;0;0;3;0;0;0;3;0;3;0;0;0;3;0;0;0;0;3;0;3;0;0;0;3;0;3;0;0;0;3;0;0;0;3;2;0;0;3;0;0;0;0;0;3;0;0;1;3;3;0;0;0;0;0;3
Trichoptera;Hydrobiosidae;Erichorema;Erichorema basale;ID317;0;0;3;0;0;0;3;0;0;0;3;0;3;0;0;0;3;0;0;0;0;3;0;3;0;0;0;3;0;3;0;0;0;3;0;0;0;3;2;0;0;3;0;0;0;0;0;3;0;0;1;3;3;0;0;0;0;0;3
Trichoptera;Hydrobiosidae;Hydrobiosis;Hydrobiosis parumbripennis;ID318;0;0;1;3;0;0;3;0;0;0;3;0;3;0;0;0;3;0;0;0;0;3;0;3;0;0;0;3;0;0;3;1;0;3;0;0;0;3;2;0;0;3;0;0;0;0;0;3;0;0;1;3;3;0;0;0;0;0;3
Trichoptera;Chathamiidae;Philanisus;Philanisus plebeius;ID319;0;3;0;0;0;0;3;0;0;0;3;0;3;0;0;3;1;0;0;0;0;3;0;3;0;0;0;3;0;2;2;1;0;3;0;0;3;0;0;0;0;3;0;0;3;0;0;0;0;3;2;0;2;3;0;0;0;0;3
Trichoptera;Conoesucidae;Beraeoptera;Beraeoptera roria;ID320;2;2;0;0;0;0;3;0;0;0;3;0;3;0;0;3;0;0;0;0;0;3;3;0;0;0;3;0;0;2;2;0;0;3;0;0;3;0;0;0;0;3;0;0;3;0;0;0;0;0;0;3;2;3;0;0;0;0;3
Trichoptera;Conoesucidae;Pycnocentrodes;Pycnocentrodes aureolus;ID321;0;3;0;0;0;0;3;0;0;0;3;0;3;0;0;3;0;0;0;0;0;3;3;0;0;0;3;0;0;2;2;1;0;3;0;0;3;0;0;0;0;3;0;0;3;0;0;0;0;0;2;2;2;3;0;0;0;0;3
Trichoptera;Conoesucidae;Pycnocentrodes;Pycnocentrodes aeris;ID322;0;3;0;0;0;0;3;0;0;0;3;0;3;0;0;3;0;0;0;0;0;3;3;0;0;0;3;0;0;2;2;1;0;3;0;0;3;0;0;0;0;3;0;0;3;0;0;0;0;0;2;2;2;3;0;0;0;0;3
Trichoptera;Conoesucidae;Confluens;Confluens hamiltoni;ID323;0;3;0;0;0;0;3;0;0;0;3;0;3;0;0;3;0;0;0;0;0;3;3;0;0;0;3;0;0;2;2;0;0;3;0;0;3;0;0;0;0;3;0;2;3;0;0;0;0;2;2;0;2;3;0;0;0;0;3
Trichoptera;Conoesucidae;Confluens;Confluens olingoides;ID324;0;3;0;0;0;0;3;0;0;0;3;0;3;0;0;3;0;0;0;0;0;3;3;0;0;0;3;0;0;2;2;0;0;3;0;0;3;0;0;0;0;3;0;2;3;0;0;0;0;2;2;0;2;3;0;0;0;0;3
Trichoptera;Conoesucidae;Olinga;Olinga feredayi;ID325;0;3;0;0;0;0;3;0;0;0;3;0;3;0;0;3;0;0;0;0;0;3;3;0;0;0;3;0;0;2;2;0;0;3;0;0;3;0;0;0;0;3;0;1;3;0;0;0;0;0;0;3;2;3;0;0;0;0;3
Trichoptera;Conoesucidae;Olinga;Olinga fumosa;ID326;0;3;0;0;0;0;3;0;0;0;3;0;3;0;0;3;0;0;0;0;0;3;3;0;0;0;3;0;0;2;2;0;0;3;0;0;3;0;0;0;0;3;0;1;3;0;0;0;0;0;0;3;2;3;0;0;0;0;3
Trichoptera;Conoesucidae;Olinga;Olinga jeanae;ID327;0;3;0;0;0;0;3;0;0;0;3;0;3;0;0;3;0;0;0;0;0;3;3;0;0;0;3;0;0;2;2;0;0;3;0;0;3;0;0;0;0;3;0;1;3;0;0;0;0;0;0;3;2;3;0;0;0;0;3
Trichoptera;Conoesucidae;Olinga;Olinga christinae;ID328;0;3;0;0;0;0;3;0;0;0;3;0;3;0;0;3;0;0;0;0;0;3;3;0;0;0;3;0;0;2;2;0;0;3;0;0;3;0;0;0;0;3;0;1;3;0;0;0;0;0;0;3;2;3;0;0;0;0;3
Trichoptera;Conoesucidae;Periwinkla;Periwinkla childi;ID329;2;2;0;0;0;0;0;0;0;0;3;0;3;0;0;3;0;0;0;0;0;3;3;0;0;0;3;0;0;2;1;0;0;3;0;0;3;0;0;0;0;3;0;1;3;0;0;0;0;0;2;2;2;2;0;0;0;0;3
Trichoptera;Conoesucidae;Pycnocentria;Pycnocentria evecta;ID330;0;3;0;0;0;0;3;0;0;0;3;0;3;0;0;3;0;0;0;0;0;3;3;0;0;0;3;0;0;2;2;0;0;3;0;0;3;0;0;0;0;3;0;2;2;0;0;0;0;0;2;1;3;0;0;0;0;0;3
Trichoptera;Ecnomidae;Zelandoptila;Zelandoptila moselyi;ID331;3;0;0;0;0;0;3;0;0;0;3;0;3;0;0;2;1;0;0;0;0;3;0;3;0;0;0;3;0;1;2;0;0;1;0;2;0;3;2;0;0;3;0;0;0;0;3;1;0;0;2;2;3;0;0;0;0;0;3
Trichoptera;Conoesucidae;Pycnocentria;Pycnocentria forcipata;ID332;0;3;0;0;0;0;3;0;0;0;3;0;3;0;0;3;0;0;0;0;0;3;3;0;0;0;3;0;0;2;2;0;0;3;0;0;3;0;0;0;0;3;0;2;2;0;0;0;0;1;2;0;3;0;0;0;0;0;3
Trichoptera;Conoesucidae;Pycnocentria;Pycnocentria funerea;ID333;0;3;0;0;0;0;3;0;0;0;3;0;3;0;0;3;0;0;0;0;0;3;3;0;0;0;3;0;0;2;2;0;0;3;2;0;3;0;0;0;0;3;0;3;1;0;0;0;0;1;2;0;3;0;0;0;0;0;3
Trichoptera;Conoesucidae;Pycnocentria;Pycnocentria gunni;ID334;0;3;0;0;0;0;3;0;0;0;3;0;3;0;0;3;0;0;0;0;0;3;3;0;0;0;3;0;0;2;2;0;0;3;0;0;3;0;0;0;0;3;0;2;2;0;0;0;0;1;2;0;3;0;0;0;0;0;3
Trichoptera;Conoesucidae;Pycnocentria;Pycnocentria hawdonia;ID335;0;3;0;0;0;0;3;0;0;0;3;0;3;0;0;3;0;0;0;0;0;3;3;0;0;0;3;0;0;2;2;0;0;3;1;0;3;0;0;0;0;3;0;2;2;0;0;0;0;1;2;0;3;0;0;0;0;0;3
Trichoptera;Conoesucidae;Pycnocentria;Pycnocentria mordax;ID336;0;3;0;0;0;0;3;0;0;0;3;0;3;0;0;3;0;0;0;0;0;3;3;0;0;0;3;0;0;2;2;0;0;3;1;0;3;0;0;0;0;3;0;2;2;0;0;0;0;1;2;0;3;0;0;0;0;0;3
Trichoptera;Conoesucidae;Pycnocentria;Pycnocentria patricki;ID337;0;3;0;0;0;0;3;0;0;0;3;0;3;0;0;3;0;0;0;0;0;3;3;0;0;0;3;0;0;2;2;0;0;3;1;0;3;0;0;0;0;3;0;2;2;0;0;0;0;1;2;0;3;0;0;0;0;0;3
Trichoptera;Hydrobiosidae;Hydrobiosis;Hydrobiosis budgei;ID338;0;0;1;3;0;0;3;0;0;0;3;0;3;0;0;0;3;0;0;0;0;3;0;3;0;0;0;3;0;0;3;1;0;3;0;0;0;3;2;0;0;3;0;0;0;0;0;3;0;0;1;3;3;0;0;0;0;0;3
Trichoptera;Hydrobiosidae;Hydrobiosis;Hydrobiosis centralis;ID339;0;0;0;3;0;0;3;0;0;0;3;0;3;0;0;0;3;0;0;0;0;3;0;3;0;0;0;3;0;0;3;1;0;3;0;0;0;3;2;0;0;3;0;0;0;0;0;3;0;0;1;3;3;0;0;0;0;0;3
Trichoptera;Hydrobiosidae;Hydrobiosis;Hydrobiosis chalcodes;ID340;0;0;0;3;0;0;3;0;0;0;3;0;3;0;0;0;3;0;0;0;0;3;0;3;0;0;0;3;0;1;3;1;0;3;0;0;0;3;2;0;0;3;0;0;0;0;0;3;0;0;1;3;3;0;0;0;0;0;3
Trichoptera;Hydrobiosidae;Hydrobiosis;Hydrobiosis charadraea;ID341;0;0;3;0;0;0;3;0;0;0;3;0;3;0;0;0;3;0;0;0;0;3;0;3;0;0;0;3;0;2;2;1;0;3;0;0;0;3;2;1;1;3;0;0;0;0;0;3;0;0;1;3;3;0;0;0;0;0;3
Trichoptera;Hydrobiosidae;Hydrobiosis;Hydrobiosis clavigera;ID342;0;0;3;0;0;0;3;0;0;0;3;0;3;0;0;0;3;0;0;0;0;3;0;3;0;0;0;3;0;1;2;1;0;3;0;0;0;3;2;1;1;3;0;0;0;0;0;3;0;0;1;3;3;0;0;0;0;0;3
Trichoptera;Hydrobiosidae;Hydrobiosis;Hydrobiosis copis;ID343;0;0;1;3;0;0;3;0;0;0;3;0;3;0;0;0;3;0;0;0;0;3;0;3;0;0;0;3;0;1;3;1;0;3;0;0;0;3;2;0;0;3;0;0;0;0;0;3;0;0;1;3;3;0;0;0;0;0;3
Trichoptera;Hydrobiosidae;Hydrobiosis;Hydrobiosis falcis;ID344;0;0;0;3;0;0;3;0;0;0;3;0;3;0;0;0;3;0;0;0;0;3;0;3;0;0;0;3;0;2;2;0;0;3;0;0;0;3;2;0;0;3;0;0;0;0;0;3;0;0;1;3;3;0;0;0;0;0;3
Trichoptera;Hydrobiosidae;Hydrobiosis;Hydrobiosis frater;ID345;0;0;3;0;0;0;3;0;0;0;3;0;3;0;0;0;3;0;0;0;0;3;0;3;0;0;0;3;0;2;3;1;0;3;0;0;0;3;2;1;1;3;0;0;0;0;0;3;0;0;1;3;3;0;0;0;0;0;3
Trichoptera;Hydrobiosidae;Hydrobiosis;Hydrobiosis gollanis;ID346;0;0;3;0;0;0;3;0;0;0;3;0;3;0;0;0;3;0;0;0;0;3;0;3;0;0;0;3;0;2;2;1;0;3;0;0;0;3;2;0;0;3;0;0;0;0;0;3;0;0;1;3;3;0;0;0;0;0;3
Trichoptera;Hydrobiosidae;Hydrobiosis;Hydrobiosis harpidiosa;ID347;0;0;3;0;0;0;3;0;0;0;3;0;3;0;0;0;3;0;0;0;0;3;0;3;0;0;0;3;0;2;2;1;0;3;0;0;0;3;2;1;1;3;0;0;0;0;0;3;0;0;1;3;3;0;0;0;0;0;3
Trichoptera;Hydrobiosidae;Hydrobiosis;Hydrobiosis johnsi;ID348;0;0;0;3;0;0;3;0;0;0;3;0;3;0;0;0;3;0;0;0;0;3;0;3;0;0;0;3;0;1;3;1;0;3;0;0;0;3;2;0;0;3;0;0;0;0;0;3;0;0;1;3;3;0;0;0;0;0;3
Trichoptera;Hydrobiosidae;Hydrobiosis;Hydrobiosis kiddi;ID349;0;0;3;3;0;0;3;0;0;0;3;0;3;0;0;0;3;0;0;0;0;3;0;3;0;0;0;3;0;2;2;1;0;3;0;0;0;3;2;0;0;3;0;0;0;0;0;3;0;0;1;3;3;0;0;0;0;0;3
Trichoptera;Hydrobiosidae;Hydrobiosis;Hydrobiosis lindsayi;ID350;0;0;1;3;0;0;3;0;0;0;3;0;3;0;0;0;3;0;0;0;0;3;0;3;0;0;0;3;0;2;2;0;0;3;0;0;0;3;2;0;0;3;0;0;0;0;0;3;0;0;1;3;3;0;0;0;0;0;3
Trichoptera;Hydrobiosidae;Hydrobiosis;Hydrobiosis neadelphus;ID351;0;0;3;0;0;0;3;0;0;0;3;0;3;0;0;0;3;0;0;0;0;3;0;3;0;0;0;3;0;2;2;0;0;3;0;0;0;3;2;0;0;3;0;0;0;0;0;3;0;0;1;3;3;0;0;0;0;0;3
Trichoptera;Hydrobiosidae;Hydrobiosis;Hydrobiosis sherleyi;ID352;0;0;3;0;0;0;3;0;0;0;3;0;3;0;0;0;3;0;0;0;0;3;0;3;0;0;0;3;0;2;2;0;0;3;0;0;0;3;2;0;0;3;0;0;0;0;0;3;0;0;1;3;3;0;0;0;0;0;3
Trichoptera;Hydrobiosidae;Hydrobiosis;Hydrobiosis silvicola;ID353;0;0;3;0;0;0;3;0;0;0;3;0;3;0;0;0;3;0;0;0;0;3;0;3;0;0;0;3;0;2;2;0;0;3;0;0;0;3;2;0;0;3;0;0;0;0;0;3;0;0;1;3;3;0;0;0;0;0;3
Trichoptera;Hydrobiosidae;Hydrobiosis;Hydrobiosis soror;ID354;0;0;3;0;0;0;3;0;0;0;3;0;3;0;0;0;3;0;0;0;0;3;0;3;0;0;0;3;0;2;2;1;0;3;0;0;0;3;2;1;1;3;0;0;0;0;0;3;0;0;1;3;3;0;0;0;0;0;3
Trichoptera;Hydrobiosidae;Hydrobiosis;Hydrobiosis spatulata;ID355;0;0;3;0;0;0;3;0;0;0;3;0;3;0;0;0;3;0;0;0;0;3;0;3;0;0;0;3;0;2;2;1;0;3;0;0;0;3;2;0;0;3;0;0;0;0;0;3;0;0;1;3;3;0;0;0;0;0;3
Trichoptera;Hydrobiosidae;Hydrobiosis;Hydrobiosis styracine;ID356;0;0;0;3;0;0;3;0;0;0;3;0;3;0;0;0;3;0;0;0;0;3;0;3;0;0;0;3;0;2;2;0;0;3;0;0;0;3;2;0;0;3;0;0;0;0;0;3;0;0;1;3;3;0;0;0;0;0;3
Trichoptera;Hydrobiosidae;Hydrobiosis;Hydrobiosis styx;ID357;0;0;3;0;0;0;3;0;0;0;3;0;3;0;0;0;3;0;0;0;0;3;0;3;0;0;0;3;0;3;0;0;0;3;0;0;0;3;2;0;0;3;0;0;0;0;0;3;0;0;1;3;3;0;0;0;0;0;3
Trichoptera;Hydrobiosidae;Hydrobiosis;Hydrobiosis taumata;ID358;0;0;3;0;0;0;3;0;0;0;3;0;3;0;0;0;3;0;0;0;0;3;0;3;0;0;0;3;0;3;0;0;0;3;0;0;0;3;2;0;0;3;0;0;0;0;0;3;0;0;1;3;3;0;0;0;0;0;3
Trichoptera;Hydrobiosidae;Hydrobiosis;Hydrobiosis torrentis;ID359;0;0;3;0;0;0;3;0;0;0;3;0;3;0;0;0;3;0;0;0;0;3;0;3;0;0;0;3;0;2;2;0;0;3;0;0;0;3;2;1;1;3;0;0;0;0;0;3;0;0;1;3;3;0;0;0;0;0;3
Trichoptera;Hydrobiosidae;Hydrobiosis;Hydrobiosis umbripennis;ID360;0;0;3;0;0;0;3;0;0;0;3;0;3;0;0;0;3;0;0;0;0;3;0;3;0;0;0;3;0;2;3;1;0;3;0;0;0;3;2;0;0;3;0;0;0;0;0;3;0;0;1;3;3;0;0;0;0;0;3
Trichoptera;Hydrobiosidae;Hydrochorema;Hydrochorema lyfordi;ID361;0;1;3;0;0;0;3;0;0;0;3;0;3;0;0;0;3;0;0;0;0;3;0;3;0;0;0;3;0;3;0;0;0;3;0;0;0;3;2;1;0;3;0;0;0;0;0;3;0;0;1;3;3;0;0;0;0;0;3
Trichoptera;Hydrobiosidae;Hydrochorema;Hydrochorema crassicaudatum;ID362;0;1;3;0;0;0;3;0;0;0;3;0;3;0;0;0;3;0;0;0;0;3;0;3;0;0;0;3;0;2;2;1;0;3;0;0;0;3;2;1;0;3;0;0;0;0;0;3;0;0;1;3;3;0;0;0;0;0;3
Trichoptera;Hydrobiosidae;Hydrochorema;Hydrochorema tenuicaudatum;ID363;0;0;0;3;0;0;3;0;0;0;3;0;3;0;0;0;3;0;0;0;0;3;0;3;0;0;0;3;0;2;2;1;0;3;0;0;0;3;2;1;0;3;0;0;0;0;0;3;0;0;1;3;3;0;0;0;0;0;3
Trichoptera;Conoesucidae;Pycnocentria;Pycnocentria sylvestris;ID364;0;3;0;0;0;0;3;0;0;0;3;0;3;0;0;3;0;0;0;0;0;3;3;0;0;0;3;0;0;2;2;0;0;3;1;0;3;0;0;0;0;3;0;3;1;0;0;0;0;1;2;0;3;0;0;0;0;0;3
Trichoptera;Helicophidae;Alloecentrella;Alloecentrella magnicornis;ID365;0;3;0;0;0;0;3;0;0;0;3;0;3;0;0;3;0;0;0;0;0;3;0;3;0;0;0;3;0;3;1;0;0;3;0;0;3;0;0;0;0;3;0;3;2;1;0;0;0;1;2;0;3;0;0;0;0;0;3
Trichoptera;Helicophidae;Alloecentrella;Alloecentrella linearis;ID366;0;3;0;0;0;0;3;0;0;0;3;0;3;0;0;3;0;0;0;0;0;3;0;3;0;0;0;3;0;3;1;0;0;3;0;0;3;0;0;0;0;3;0;3;2;1;0;0;0;1;2;0;3;0;0;0;0;0;3
Trichoptera;Helicophidae;Alloecentrella;Alloecentrella cirratus;ID367;0;3;0;0;0;0;3;0;0;0;3;0;3;0;0;3;0;0;0;0;0;3;0;3;0;0;0;3;0;3;1;0;0;3;0;0;3;0;0;0;0;3;0;3;2;1;0;0;0;1;2;0;3;0;0;0;0;0;3
Trichoptera;Helicophidae;Alloecentrella;Alloecentrella incisus;ID368;0;3;0;0;0;0;3;0;0;0;3;0;3;0;0;3;0;0;0;0;0;3;0;3;0;0;0;3;0;3;1;0;0;3;0;0;3;0;0;0;0;3;0;3;2;1;0;0;0;1;2;0;3;0;0;0;0;0;3
Trichoptera;Helicophidae;Zelolessica;Zelolessica cheira;ID369;0;3;0;0;0;0;3;0;0;0;3;0;3;0;0;3;0;0;0;0;0;3;0;3;0;0;0;3;0;3;1;0;0;3;0;0;3;0;0;0;0;3;0;2;2;2;0;0;0;1;2;0;3;0;0;0;0;0;3
Trichoptera;Helicophidae;Zelolessica;Zelolessica meizon;ID370;0;3;0;0;0;0;3;0;0;0;3;0;3;0;0;3;0;0;0;0;0;3;0;3;0;0;0;3;0;3;1;0;0;3;0;0;3;0;0;0;0;3;0;2;2;2;0;0;0;1;2;0;3;0;0;0;0;0;3
Trichoptera;Hydroptilidae;Oxyethira;Oxyethira albiceps;ID371;3;0;0;0;0;0;3;0;0;0;2;3;3;0;0;2;0;0;0;0;0;3;0;3;0;0;0;3;0;3;3;1;0;3;0;0;1;3;0;0;3;2;0;0;1;0;0;0;3;3;2;0;3;0;0;0;0;0;3
Trichoptera;Hydroptilidae;Oxyethira;Oxyethira ahipara;ID372;3;0;0;0;0;0;3;0;0;0;3;1;3;0;0;2;0;0;0;0;0;3;0;3;0;0;0;3;0;3;0;0;0;3;0;0;1;3;0;0;3;2;0;0;2;0;0;0;2;3;2;0;3;0;0;0;0;0;3
Trichoptera;Hydroptilidae;Oxyethira;Oxyethira kirikiriroa;ID373;3;0;0;0;0;0;3;0;0;0;3;1;3;0;0;2;0;0;0;0;0;3;0;3;0;0;0;3;0;3;0;0;0;3;0;0;1;3;0;0;3;2;0;0;2;0;0;0;2;3;2;0;3;0;0;0;0;0;3
Trichoptera;Hydroptilidae;Oxyethira;Oxyethira waipoua;ID374;3;0;0;0;0;0;3;0;0;0;3;1;3;0;0;2;0;0;0;0;0;3;0;3;0;0;0;3;0;3;0;0;0;3;0;0;1;3;0;0;3;2;0;0;2;0;0;0;2;3;2;0;3;0;0;0;0;0;3
Trichoptera;Helicopsychidae;Helicopsyche;Helicopsyche albescens;ID375;3;0;0;0;0;0;3;0;0;0;3;0;3;0;0;3;0;0;0;0;0;3;3;0;0;0;3;0;0;2;1;0;0;3;0;0;3;0;0;0;2;3;0;0;3;0;0;0;0;0;2;2;3;0;0;0;0;0;3
Trichoptera;Helicopsychidae;Helicopsyche;Helicopsyche cuvieri;ID376;3;0;0;0;0;0;3;0;0;0;3;0;3;0;0;3;0;0;0;0;0;3;3;0;0;0;3;0;0;2;1;0;0;3;0;0;3;0;0;0;2;3;0;0;3;0;0;0;0;0;2;2;3;0;0;0;0;0;3
Trichoptera;Helicopsychidae;Helicopsyche;Helicopsyche haurapango;ID377;3;0;0;0;0;0;3;0;0;0;3;0;3;0;0;3;0;0;0;0;0;3;3;0;0;0;3;0;0;2;1;0;0;3;0;0;3;0;0;0;2;3;0;0;3;0;0;0;0;0;2;2;3;0;0;0;0;0;3
Trichoptera;Helicopsychidae;Helicopsyche;Helicopsyche howesi;ID378;3;0;0;0;0;0;3;0;0;0;3;0;3;0;0;3;0;0;0;0;0;3;3;0;0;0;3;0;0;2;1;0;0;3;0;0;3;0;0;0;2;3;0;0;3;0;0;0;0;0;2;2;3;0;0;0;0;0;3
Trichoptera;Helicopsychidae;Helicopsyche;Helicopsyche poutini;ID379;3;0;0;0;0;0;3;0;0;0;3;0;3;0;0;3;0;0;0;0;0;3;3;0;0;0;3;0;0;2;1;0;0;3;0;0;3;0;0;0;2;3;0;0;3;0;0;0;0;0;2;2;3;0;0;0;0;0;3
Trichoptera;Helicopsychidae;Helicopsyche;Helicopsyche torino;ID380;3;0;0;0;0;0;3;0;0;0;3;0;3;0;0;3;0;0;0;0;0;3;3;0;0;0;3;0;0;2;1;0;0;3;0;0;3;0;0;0;2;3;0;0;3;0;0;0;0;0;2;2;3;0;0;0;0;0;3
Trichoptera;Helicopsychidae;Helicopsyche;Helicopsyche zealandica;ID381;3;0;0;0;0;0;3;0;0;0;3;0;3;0;0;3;0;0;0;0;0;3;3;0;0;0;3;0;0;2;1;0;0;3;0;0;3;0;0;0;2;3;0;0;3;0;0;0;0;0;2;2;3;0;0;0;0;0;3
Trichoptera;Helicopsychidae;Rakiura;Rakiura vernale;ID382;0;3;0;0;0;0;3;0;0;0;3;0;3;0;0;3;0;0;0;0;0;3;0;3;0;0;0;3;2;3;1;0;0;3;0;0;3;0;0;0;1;3;0;0;3;0;0;0;0;0;0;3;3;0;0;0;0;0;3
Trichoptera;Hydrobiosidae;Neurochorema;Neurochorema armstrongi;ID383;0;1;3;0;0;0;3;0;0;0;3;0;3;0;0;0;3;0;0;0;0;3;0;3;0;0;0;3;0;2;2;0;0;3;0;0;0;3;2;0;0;3;0;0;0;0;0;3;0;0;1;3;3;0;0;0;0;0;3
Trichoptera;Hydrobiosidae;Neurochorema;Neurochorema confusum;ID384;0;1;3;0;0;0;3;0;0;0;3;0;3;0;0;0;3;0;0;0;0;3;0;3;0;0;0;3;0;2;2;0;0;3;0;0;0;3;2;0;0;3;0;0;0;0;0;3;0;0;1;3;3;0;0;0;0;0;3
Trichoptera;Hydrobiosidae;Neurochorema;Neurochorema forsteri;ID385;0;1;3;0;0;0;3;0;0;0;3;0;3;0;0;0;3;0;0;0;0;3;0;3;0;0;0;3;0;2;2;0;0;3;0;0;0;3;2;0;0;3;0;0;0;0;0;3;0;0;1;3;3;0;0;0;0;0;3
Trichoptera;Hydrobiosidae;Neurochorema;Neurochorema pilosum;ID386;0;1;3;0;0;0;3;0;0;0;3;0;3;0;0;0;3;0;0;0;0;3;0;3;0;0;0;3;0;2;2;0;0;3;0;0;0;3;2;0;0;3;0;0;0;0;0;3;0;0;1;3;3;0;0;0;0;0;3
Trichoptera;Hydropsychidae;Diplectrona;Diplectrona bulla;ID387;0;3;0;0;0;0;3;0;0;0;3;0;3;0;0;2;2;0;0;0;0;3;0;3;0;0;0;3;0;1;2;1;0;1;0;2;0;3;1;0;0;3;0;0;0;0;3;1;0;0;0;3;0;3;0;0;0;0;3
Trichoptera;Hydropsychidae;Diplectrona;Diplectrona zealandensis;ID388;0;3;0;0;0;0;3;0;0;0;3;0;3;0;0;2;2;0;0;0;0;3;0;3;0;0;0;3;0;1;2;1;0;1;0;2;0;3;1;0;0;3;0;0;0;0;3;1;0;0;0;3;0;3;0;0;0;0;3
Trichoptera;Hydropsychidae;Hydropsyche (Aoteapsyche);Hydropsyche (Aoteapsyche) colonica;ID389;0;0;3;0;0;0;3;0;0;0;3;0;3;0;0;0;3;0;0;0;0;3;0;3;0;0;0;3;0;0;3;2;0;1;0;2;0;3;1;0;0;3;0;0;0;0;3;1;0;0;0;3;0;3;0;0;0;0;3
Trichoptera;Hydropsychidae;Hydropsyche (Aoteapsyche);Hydropsyche (Aoteapsyche) catherinae;ID390;0;0;3;0;0;0;3;0;0;0;3;0;3;0;0;0;3;0;0;0;0;3;0;3;0;0;0;3;0;0;3;2;0;1;0;2;0;3;1;0;0;3;0;0;0;0;3;1;0;0;0;3;0;3;0;0;0;0;3
Trichoptera;Hydropsychidae;Hydropsyche (Aoteapsyche);Hydropsyche (Aoteapsyche) philpotti;ID391;0;0;3;0;0;0;3;0;0;0;3;0;3;0;0;0;3;0;0;0;0;3;0;3;0;0;0;3;0;0;3;2;0;1;0;2;0;3;1;0;0;3;0;0;0;0;3;1;0;0;0;3;0;3;0;0;0;0;3
Trichoptera;Hydropsychidae;Hydropsyche (Aoteapsyche);Hydropsyche (Aoteapsyche) raruraru;ID392;0;0;3;0;0;0;3;0;0;0;3;0;3;0;0;0;3;0;0;0;0;3;0;3;0;0;0;3;0;0;3;2;0;1;0;2;0;3;1;0;0;3;0;0;0;0;3;1;0;0;0;3;0;3;0;0;0;0;3
Trichoptera;Hydropsychidae;Hydropsyche (Aoteapsyche);Hydropsyche (Aoteapsyche) tepoka;ID393;0;0;3;0;0;0;3;0;0;0;3;0;3;0;0;0;3;0;0;0;0;3;0;3;0;0;0;3;0;0;3;2;0;1;0;2;0;3;1;0;0;3;0;0;0;0;3;1;0;0;0;3;0;3;0;0;0;0;3
Trichoptera;Hydropsychidae;Hydropsyche (Aoteapsyche);Hydropsyche (Aoteapsyche) tipua;ID394;0;0;3;0;0;0;3;0;0;0;3;0;3;0;0;0;3;0;0;0;0;3;0;3;0;0;0;3;0;0;3;2;0;1;0;2;0;3;1;0;0;3;0;0;0;0;3;1;0;0;0;3;0;3;0;0;0;0;3
Trichoptera;Hydropsychidae;Hydropsyche (Aoteapsyche);Hydropsyche (Aoteapsyche) winterbourni;ID395;0;0;3;0;0;0;3;0;0;0;3;0;3;0;0;0;3;0;0;0;0;3;0;3;0;0;0;3;0;0;3;2;0;1;0;2;0;3;1;0;0;3;0;0;0;0;3;1;0;0;0;3;0;3;0;0;0;0;3
Trichoptera;Hydropsychidae;Hydropsyche (Orthopsyche);Hydropsyche (Orthopsyche) fimbriata;ID396;0;0;3;0;0;0;3;0;0;0;3;0;3;0;0;0;3;0;0;0;0;3;0;3;0;0;0;3;0;2;2;0;0;1;0;2;0;3;1;0;0;3;0;0;0;0;3;1;0;0;0;3;0;3;0;0;0;0;3
Trichoptera;Hydropsychidae;Hydropsyche (Orthopsyche);Hydropsyche (Orthopsyche) thomasi;ID397;0;0;3;0;0;0;3;0;0;0;3;0;3;0;0;0;3;0;0;0;0;3;0;3;0;0;0;3;0;2;2;0;0;1;0;2;0;3;1;0;0;3;0;0;0;0;3;1;0;0;0;3;0;3;0;0;0;0;3
Trichoptera;Kokiriidae;Kokiria;Kokiria miharo;ID398;0;0;3;0;0;0;3;0;0;0;3;0;3;0;0;0;3;0;0;0;0;3;0;3;0;0;0;3;0;1;3;0;0;2;3;0;3;0;0;0;2;3;0;0;0;0;0;3;0;2;2;0;1;3;0;0;0;0;3
Trichoptera;Leptoceridae;Hudsonema;Hudsonema amabile;ID399;0;0;3;0;0;0;3;0;0;0;3;0;3;0;0;0;3;0;0;0;0;3;3;0;0;0;3;0;0;0;3;2;0;3;0;0;3;0;0;0;0;3;0;0;2;2;0;3;0;0;2;2;1;3;0;0;0;0;3
Trichoptera;Leptoceridae;Hudsonema;Hudsonema alienum;ID400;0;0;3;0;0;0;3;0;0;0;3;0;3;0;0;0;3;0;0;0;0;3;3;0;0;0;3;0;0;0;3;2;1;3;0;0;3;0;0;0;0;3;0;0;2;2;0;3;0;0;2;2;1;3;0;0;0;0;3
Trichoptera;Leptoceridae;Triplectides;Triplectides cephalotes;ID401;0;0;3;0;0;0;3;0;0;0;3;0;3;0;0;0;3;0;0;0;0;3;1;3;0;0;0;0;3;0;3;2;0;3;0;0;3;0;0;0;0;3;0;3;0;0;0;0;0;3;0;0;1;3;0;0;0;0;3
Trichoptera;Leptoceridae;Triplectides;Triplectides dolichos;ID402;0;0;3;0;0;0;3;0;0;0;3;0;3;0;0;0;3;0;0;0;0;3;1;3;0;0;2;2;0;0;3;2;0;3;0;0;3;0;0;0;0;3;0;3;0;0;0;0;0;3;0;0;1;3;0;0;0;0;3
Trichoptera;Leptoceridae;Triplectides;Triplectides obsoletus;ID403;0;0;3;0;0;0;3;0;0;0;3;0;3;0;0;0;3;0;0;0;0;3;1;3;0;0;2;2;0;0;3;2;0;3;0;0;3;0;0;0;0;3;0;3;0;0;0;0;0;3;0;0;1;3;0;0;0;0;3
Trichoptera;Leptoceridae;Triplectidina;Triplectidina moselyi;ID404;0;0;3;0;0;0;3;0;0;0;3;0;3;0;0;0;3;0;0;0;0;3;1;3;0;0;2;2;0;0;2;1;0;3;0;0;3;0;0;0;0;3;0;3;0;0;0;0;0;0;2;2;1;3;0;0;0;0;3
Trichoptera;Leptoceridae;Triplectidina;Triplectidina oreolimnetes;ID405;0;0;3;0;0;0;3;0;0;0;3;0;3;0;0;0;3;0;0;0;0;3;1;3;0;0;2;2;0;0;2;1;0;3;0;0;3;0;0;0;0;3;0;3;0;0;0;0;0;0;2;3;1;3;0;0;0;0;3
Trichoptera;Leptoceridae;Oecetis;Oecetis iti;ID406;0;3;0;0;0;2;3;0;0;0;3;0;3;0;0;0;3;0;0;0;0;3;3;0;0;0;3;0;0;2;2;0;0;3;0;0;3;0;0;0;0;3;0;0;0;0;0;3;0;0;2;3;1;3;0;0;0;0;3
Trichoptera;Leptoceridae;Oecetis;Oecetis unicolor;ID407;0;3;0;0;0;2;3;0;0;0;3;0;3;0;0;0;3;0;0;0;0;3;3;0;0;0;3;0;0;1;3;2;0;3;0;0;3;0;0;0;0;3;0;0;0;0;0;3;0;0;2;2;1;3;0;0;0;0;3
Trichoptera;Hydrobiosidae;Psilochorema;Psilochorema acheir;ID408;0;0;3;0;0;0;3;0;0;0;3;0;3;0;0;0;3;0;0;0;0;3;0;3;0;0;0;3;0;2;2;0;0;3;0;0;0;3;2;1;0;3;0;0;0;0;0;3;0;0;1;3;3;0;0;0;0;0;3
Trichoptera;Hydrobiosidae;Psilochorema;Psilochorema bidens;ID409;0;0;3;0;0;0;3;0;0;0;3;0;3;0;0;0;3;0;0;0;0;3;0;3;0;0;0;3;0;2;2;0;0;3;0;0;0;3;2;1;0;3;0;0;0;0;0;3;0;0;1;3;3;0;0;0;0;0;3
Trichoptera;Hydrobiosidae;Psilochorema;Psilochorema cheirodes;ID410;0;0;3;0;0;0;3;0;0;0;3;0;3;0;0;0;3;0;0;0;0;3;0;3;0;0;0;3;0;2;2;0;0;3;0;0;0;3;2;1;0;3;0;0;0;0;0;3;0;0;1;3;3;0;0;0;0;0;3
Trichoptera;Hydrobiosidae;Psilochorema;Psilochorema donaldsoni;ID411;0;0;3;0;0;0;3;0;0;0;3;0;3;0;0;0;3;0;0;0;0;3;0;3;0;0;0;3;0;2;2;0;0;3;0;0;0;3;2;1;0;3;0;0;0;0;0;3;0;0;1;3;3;0;0;0;0;0;3
Trichoptera;Hydrobiosidae;Psilochorema;Psilochorema embersoni;ID412;0;0;3;0;0;0;3;0;0;0;3;0;3;0;0;0;3;0;0;0;0;3;0;3;0;0;0;3;0;2;2;0;0;3;0;0;0;3;2;1;0;3;0;0;0;0;0;3;0;0;1;3;3;0;0;0;0;0;3
Trichoptera;Hydrobiosidae;Psilochorema;Psilochorema folioharpax;ID413;0;0;3;0;0;0;3;0;0;0;3;0;3;0;0;0;3;0;0;0;0;3;0;3;0;0;0;3;0;2;2;0;0;3;0;0;0;3;2;0;0;3;0;0;0;0;0;3;0;0;1;3;3;0;0;0;0;0;3
Trichoptera;Hydrobiosidae;Psilochorema;Psilochorema leptoharpax;ID414;0;0;3;0;0;0;3;0;0;0;3;0;3;0;0;0;3;0;0;0;0;3;0;3;0;0;0;3;0;2;2;0;0;3;0;0;0;3;2;1;0;3;0;0;0;0;0;3;0;0;1;3;3;0;0;0;0;0;3
Trichoptera;Hydrobiosidae;Psilochorema;Psilochorema macroharpax;ID415;0;0;3;0;0;0;3;0;0;0;3;0;3;0;0;0;3;0;0;0;0;3;0;3;0;0;0;3;0;2;2;0;0;3;0;0;0;3;2;1;0;3;0;0;0;0;0;3;0;0;1;3;3;0;0;0;0;0;3
Trichoptera;Hydrobiosidae;Psilochorema;Psilochorema mataura;ID416;0;0;3;0;0;0;3;0;0;0;3;0;3;0;0;0;3;0;0;0;0;3;0;3;0;0;0;3;0;2;2;0;0;3;0;0;0;3;2;1;0;3;0;0;0;0;0;3;0;0;1;3;3;0;0;0;0;0;3
Trichoptera;Hydrobiosidae;Psilochorema;Psilochorema mimicum;ID417;0;0;3;0;0;0;3;1;0;0;3;0;3;0;0;0;3;0;0;0;0;3;0;3;0;0;0;3;0;2;2;0;0;3;0;0;0;3;2;1;0;3;0;0;0;0;0;3;0;0;1;3;3;0;0;0;0;0;3
Trichoptera;Hydrobiosidae;Psilochorema;Psilochorema nemorale;ID418;0;0;3;0;0;0;3;0;0;0;3;0;3;0;0;0;3;0;0;0;0;3;0;3;0;0;0;3;0;2;2;0;0;3;0;0;0;3;2;1;0;3;0;0;0;0;0;3;0;0;1;3;3;0;0;0;0;0;3
Trichoptera;Hydrobiosidae;Psilochorema;Psilochorema spiniharpax;ID419;0;0;3;0;0;0;3;0;0;0;3;0;3;0;0;0;3;0;0;0;0;3;0;3;0;0;0;3;0;2;0;0;0;3;0;0;0;3;2;1;0;3;0;0;0;0;0;3;0;0;1;3;3;0;0;0;0;0;3
Trichoptera;Hydrobiosidae;Psilochorema;Psilochorema tautoru;ID420;0;0;3;0;0;0;3;1;0;0;3;0;3;0;0;0;3;0;0;0;0;3;0;3;0;0;0;3;0;2;2;0;0;3;0;0;0;3;2;1;0;3;0;0;0;0;0;3;0;0;1;3;3;0;0;0;0;0;3
Trichoptera;Hydrobiosidae;Psilochorema;Psilochorema vomerharpax;ID421;0;0;3;0;0;0;3;0;0;0;3;0;3;0;0;0;3;0;0;0;0;3;0;3;0;0;0;3;0;2;2;0;0;3;0;0;0;3;2;1;0;3;0;0;0;0;0;3;0;0;1;3;3;0;0;0;0;0;3
Trichoptera;Hydrobiosidae;Synchorema;Synchorema tillyardi;ID422;0;1;3;0;0;0;3;0;0;0;3;0;3;0;0;0;3;0;0;0;0;3;0;3;0;0;0;3;0;2;3;0;0;3;0;0;0;3;2;1;0;3;0;0;0;0;0;3;0;0;1;3;3;0;0;0;0;0;3
Trichoptera;Hydrobiosidae;Synchorema;Synchorema zygoneurum;ID423;0;1;3;0;0;0;3;0;0;0;3;0;3;0;0;0;3;0;0;0;0;3;0;3;0;0;0;3;0;2;3;0;0;3;0;0;0;3;2;1;0;3;0;0;0;0;0;3;0;0;1;3;3;0;0;0;0;0;3
Trichoptera;Hydrobiosidae;Tiphobiosis;Tiphobiosis cataractae;ID424;0;3;0;0;0;0;3;0;0;0;3;0;3;0;0;0;3;0;0;0;0;3;0;3;0;0;0;3;0;3;0;0;0;3;0;0;0;3;2;0;0;3;0;0;0;0;0;3;0;0;1;3;3;0;0;0;0;0;3
Trichoptera;Hydrobiosidae;Tiphobiosis;Tiphobiosis childella;ID425;0;3;0;0;0;0;3;0;0;0;3;0;3;0;0;0;3;0;0;0;0;3;0;3;0;0;0;3;0;3;0;0;0;3;0;0;0;3;2;0;0;3;0;0;0;0;0;3;0;0;1;3;3;0;0;0;0;0;3
Trichoptera;Hydrobiosidae;Tiphobiosis;Tiphobiosis childi;ID426;0;3;0;0;0;0;3;0;0;0;3;0;3;0;0;0;3;0;0;0;0;3;0;3;0;0;0;3;0;3;0;0;0;3;0;0;0;3;2;0;0;3;0;0;0;0;0;3;0;0;1;3;3;0;0;0;0;0;3
Trichoptera;Hydrobiosidae;Tiphobiosis;Tiphobiosis cowiei;ID427;0;3;0;0;0;0;3;0;0;0;3;0;3;0;0;0;3;0;0;0;0;3;0;3;0;0;0;3;0;3;0;0;0;3;0;0;0;3;2;0;0;3;0;0;0;0;0;3;0;0;1;3;3;0;0;0;0;0;3
Trichoptera;Hydrobiosidae;Tiphobiosis;Tiphobiosis hinewai;ID428;0;3;0;0;0;0;3;0;0;0;3;0;3;0;0;0;3;0;0;0;0;3;0;3;0;0;0;3;0;3;0;0;0;3;0;0;0;3;2;0;0;3;0;0;0;0;0;3;0;0;1;3;3;0;0;0;0;0;3
Trichoptera;Hydrobiosidae;Tiphobiosis;Tiphobiosis intermedia;ID429;0;3;0;0;0;0;3;0;0;0;3;0;3;0;0;0;3;0;0;0;0;3;0;3;0;0;0;3;0;3;0;0;0;3;0;0;0;3;2;0;0;3;0;0;0;0;0;3;0;0;1;3;3;0;0;0;0;0;3
Trichoptera;Hydrobiosidae;Tiphobiosis;Tiphobiosis kleinpastei;ID430;0;3;0;0;0;0;3;0;0;0;3;0;3;0;0;0;3;0;0;0;0;3;0;3;0;0;0;3;0;3;0;0;0;3;0;0;0;3;2;0;0;3;0;0;0;0;0;3;0;0;1;3;3;0;0;0;0;0;3
Trichoptera;Hydrobiosidae;Tiphobiosis;Tiphobiosis kuscheli;ID431;0;3;0;0;0;0;3;0;0;0;3;0;3;0;0;0;3;0;0;0;0;3;0;3;0;0;0;3;0;3;0;0;0;3;0;0;0;3;2;0;0;3;0;0;0;0;0;3;0;0;1;3;3;0;0;0;0;0;3
Trichoptera;Hydrobiosidae;Tiphobiosis;Tiphobiosis plicosta;ID432;0;3;0;0;0;0;3;0;0;0;3;0;3;0;0;0;3;0;0;0;0;3;0;3;0;0;0;3;0;3;0;0;0;3;0;0;0;3;2;0;0;3;0;0;0;0;0;3;0;0;1;3;3;0;0;0;0;0;3
Trichoptera;Hydrobiosidae;Tiphobiosis;Tiphobiosis quadrifurca;ID433;0;3;0;0;0;0;3;0;0;0;3;0;3;0;0;0;3;0;0;0;0;3;0;3;0;0;0;3;0;3;0;0;0;3;0;0;0;3;2;0;0;3;0;0;0;0;0;3;0;0;1;3;3;0;0;0;0;0;3
Trichoptera;Hydrobiosidae;Tiphobiosis;Tiphobiosis salmoni;ID434;0;3;0;0;0;0;3;0;0;0;3;0;3;0;0;0;3;0;0;0;0;3;0;3;0;0;0;3;0;3;0;0;0;3;0;0;0;3;2;0;0;3;0;0;0;0;0;3;0;0;1;3;3;0;0;0;0;0;3
Trichoptera;Hydrobiosidae;Tiphobiosis;Tiphobiosis schmidi;ID435;0;3;0;0;0;0;3;0;0;0;3;0;3;0;0;0;3;0;0;0;0;3;0;3;0;0;0;3;0;3;0;0;0;3;0;0;0;3;2;0;0;3;0;0;0;0;0;3;0;0;1;3;3;0;0;0;0;0;3
Trichoptera;Hydrobiosidae;Tiphobiosis;Tiphobiosis trifurca;ID436;0;3;0;0;0;0;3;0;0;0;3;0;3;0;0;0;3;0;0;0;0;3;0;3;0;0;0;3;0;3;0;0;0;3;0;0;0;3;2;0;0;3;0;0;0;0;0;3;0;0;1;3;3;0;0;0;0;0;3
Trichoptera;Hydrobiosidae;Tiphobiosis;Tiphobiosis veniflex;ID437;0;3;1;0;0;0;3;0;0;0;3;0;3;0;0;0;3;0;0;0;0;3;0;3;0;0;0;3;0;3;0;0;0;3;0;0;0;3;2;0;0;3;0;0;0;0;0;3;0;0;1;3;3;0;0;0;0;0;3
Trichoptera;Hydrobiosidae;Traillochorema;Traillochorema rakiura;ID438;0;0;3;0;0;0;3;0;0;0;3;0;3;0;0;0;3;0;0;0;0;3;0;3;0;0;0;3;0;3;1;0;0;3;0;0;0;3;2;0;0;3;0;0;0;0;0;3;0;0;1;3;3;0;0;0;0;0;3
Trichoptera;Hydrobiosidae;Traillochorema;Traillochorema wardorum;ID439;0;0;3;0;0;0;3;0;0;0;3;0;3;0;0;0;3;0;0;0;0;3;0;3;0;0;0;3;0;3;1;0;0;3;0;0;0;3;2;0;0;3;0;0;0;0;0;3;0;0;1;3;3;0;0;0;0;0;3
Trichoptera;Oeconesidae;Zelandopsyche;Zelandopsyche ingens;ID440;0;0;0;3;0;0;3;0;0;3;1;0;3;0;0;0;3;0;0;0;0;3;0;3;0;0;0;3;0;2;2;1;0;3;1;0;3;0;0;0;0;3;0;3;0;0;0;0;0;3;0;0;1;3;0;0;0;0;3
Trichoptera;Oeconesidae;Zelandopsyche;Zelandopsyche maclellani;ID441;0;0;0;3;0;0;3;0;0;3;1;0;3;0;0;0;3;0;0;0;0;3;0;3;0;0;0;3;0;2;2;0;0;3;1;0;3;0;0;0;0;3;0;3;0;0;0;0;0;3;0;0;1;3;0;0;0;0;3
Trichoptera;Oeconesidae;Oeconesus;Oeconesus maori;ID442;0;0;3;0;0;0;3;0;0;0;3;0;3;0;0;0;3;0;0;0;0;3;0;3;0;0;0;3;0;0;2;1;0;3;1;0;3;0;0;0;0;3;0;3;0;0;0;0;0;0;2;2;1;3;0;0;0;0;3
Trichoptera;Oeconesidae;Oeconesus;Oeconesus angustus;ID443;0;0;3;0;0;0;3;0;0;0;3;0;3;0;0;0;3;0;0;0;0;3;0;3;0;0;0;3;0;3;0;0;0;3;1;0;3;0;0;0;0;3;0;3;0;0;0;0;0;0;2;2;1;3;0;0;0;0;3
Trichoptera;Oeconesidae;Oeconesus;Oeconesus incisus;ID444;0;0;3;0;0;0;3;0;0;0;3;0;3;0;0;0;3;0;0;0;0;3;0;3;0;0;0;3;0;2;2;0;0;3;1;0;3;0;0;0;0;3;0;3;0;0;0;0;0;0;2;2;1;3;0;0;0;0;3
Trichoptera;Oeconesidae;Oeconesus;Oeconesus similis;ID445;0;0;3;0;0;0;3;0;0;0;3;0;3;0;0;0;3;0;0;0;0;3;0;3;0;0;0;3;0;2;2;0;0;3;1;0;3;0;0;0;0;3;0;3;0;0;0;0;0;0;2;2;1;3;0;0;0;0;3
Trichoptera;Oeconesidae;Pseudoeconesus;Pseudoeconesus bistirpis;ID446;0;0;3;0;0;0;3;0;0;0;3;0;3;0;0;0;3;0;0;0;0;3;0;3;0;0;0;3;0;2;2;0;0;3;1;0;3;0;0;0;0;3;0;3;0;1;0;0;0;0;2;2;1;3;0;0;0;0;3
Trichoptera;Oeconesidae;Pseudoeconesus;Pseudoeconesus geraldinae;ID447;0;0;3;0;0;0;3;0;0;0;3;0;3;0;0;0;3;0;0;0;0;3;0;3;0;0;0;3;0;3;0;0;0;3;1;0;3;0;0;0;0;3;0;3;0;1;0;0;0;0;2;2;1;3;0;0;0;0;3
Trichoptera;Oeconesidae;Pseudoeconesus;Pseudoeconesus haasti;ID448;0;0;3;0;0;0;3;0;0;0;3;0;3;0;0;0;3;0;0;0;0;3;0;3;0;0;0;3;0;3;0;0;0;3;1;0;3;0;0;0;0;3;0;3;0;1;0;0;0;0;2;2;1;3;0;0;0;0;3
Trichoptera;Oeconesidae;Pseudoeconesus;Pseudoeconesus harrisi;ID449;0;0;3;0;0;0;3;0;0;0;3;0;3;0;0;0;3;0;0;0;0;3;0;3;0;0;0;3;0;2;2;0;0;3;1;0;3;0;0;0;0;3;0;3;0;1;0;0;0;0;2;2;1;3;0;0;0;0;3
Trichoptera;Hydroptilidae;Paroxyethira;Paroxyethira auldorum;ID450;3;0;0;0;0;0;3;0;0;0;3;0;3;0;0;2;0;0;0;0;0;3;0;3;0;0;0;3;0;3;0;0;0;3;0;0;1;3;0;0;3;2;0;0;2;0;0;0;2;3;2;0;3;0;0;0;0;0;3
Trichoptera;Hydroptilidae;Paroxyethira;Paroxyethira dunedensis;ID451;3;0;0;0;0;0;3;0;0;0;3;0;3;0;0;2;0;0;0;0;0;3;0;3;0;0;0;3;0;3;0;0;0;3;0;0;1;3;0;0;3;2;0;0;2;0;0;0;2;3;2;0;3;0;0;0;0;0;3
Trichoptera;Hydroptilidae;Paroxyethira;Paroxyethira eatoni;ID452;3;0;0;0;0;0;3;0;0;0;3;0;3;0;0;2;0;0;0;0;0;3;0;3;0;0;0;3;0;3;0;0;0;3;0;0;1;3;0;0;3;2;0;0;2;0;0;0;2;3;2;0;3;0;0;0;0;0;3
Trichoptera;Hydroptilidae;Paroxyethira;Paroxyethira hendersoni;ID453;3;0;0;0;0;0;3;0;0;0;3;3;3;0;0;2;0;0;0;0;0;3;0;3;0;0;0;3;0;3;3;0;0;3;0;0;1;3;0;0;3;2;0;0;2;0;0;0;2;3;2;0;3;0;0;0;0;0;3
Trichoptera;Hydroptilidae;Paroxyethira;Paroxyethira hintoni;ID454;3;0;0;0;0;0;3;0;0;0;3;0;3;0;0;2;0;0;0;0;0;3;0;3;0;0;0;3;0;3;0;0;0;3;0;0;1;3;0;0;3;2;0;0;2;0;0;0;2;3;2;0;3;0;0;0;0;0;3
Trichoptera;Hydroptilidae;Paroxyethira;Paroxyethira hughwilsoni;ID455;3;0;0;0;0;0;3;0;0;0;3;0;3;0;0;2;0;0;0;0;0;3;0;3;0;0;0;3;0;3;0;0;0;3;0;0;1;3;0;0;3;2;0;0;2;0;0;0;2;3;2;0;3;0;0;0;0;0;3
Trichoptera;Hydroptilidae;Paroxyethira;Paroxyethira kimminsi;ID456;3;0;0;0;0;0;3;0;0;0;3;0;3;0;0;2;0;0;0;0;0;3;0;3;0;0;0;3;0;3;0;0;0;3;0;0;1;3;0;0;3;2;0;0;2;0;0;0;2;3;2;0;3;0;0;0;0;0;3
Trichoptera;Hydroptilidae;Paroxyethira;Paroxyethira manapouri;ID457;3;0;0;0;0;0;3;0;0;0;3;0;3;0;0;2;0;0;0;0;0;3;0;3;0;0;0;3;0;3;0;0;0;3;0;0;1;3;0;0;3;2;0;0;2;0;0;0;2;3;2;0;3;0;0;0;0;0;3
Trichoptera;Hydroptilidae;Paroxyethira;Paroxyethira pounamu;ID458;3;0;0;0;0;0;3;0;0;0;3;0;3;0;0;2;0;0;0;0;0;3;0;3;0;0;0;3;0;3;0;0;0;3;0;0;1;3;0;0;3;2;0;0;2;0;0;0;2;3;2;0;3;0;0;0;0;0;3
Trichoptera;Hydroptilidae;Paroxyethira;Paroxyethira ramifera;ID459;3;0;0;0;0;0;3;0;0;0;3;0;3;0;0;2;0;0;0;0;0;3;0;3;0;0;0;3;0;3;0;0;0;3;0;0;1;3;0;0;3;2;0;0;2;0;0;0;2;3;2;0;3;0;0;0;0;0;3
Trichoptera;Hydroptilidae;Paroxyethira;Paroxyethira sarae;ID460;3;0;0;0;0;0;3;0;0;0;3;0;3;0;0;2;0;0;0;0;0;3;0;3;0;0;0;3;0;3;0;0;0;3;0;0;1;3;0;0;3;2;0;0;2;0;0;0;2;3;2;0;3;0;0;0;0;0;3
Trichoptera;Hydroptilidae;Paroxyethira;Paroxyethira takitimu;ID461;3;0;0;0;0;0;3;0;0;0;3;0;3;0;0;2;0;0;0;0;0;3;0;3;0;0;0;3;0;3;0;0;0;3;0;0;1;3;0;0;3;2;0;0;2;0;0;0;2;3;2;0;3;0;0;0;0;0;3
Trichoptera;Hydroptilidae;Paroxyethira;Paroxyethira teika;ID462;3;0;0;0;0;0;3;0;0;0;3;0;3;0;0;2;0;0;0;0;0;3;0;3;0;0;0;3;0;3;0;0;0;3;0;0;1;3;0;0;3;2;0;0;2;0;0;0;2;3;2;0;3;0;0;0;0;0;3
Trichoptera;Hydroptilidae;Paroxyethira;Paroxyethira tillyardi;ID463;3;0;0;0;0;0;3;0;0;0;3;0;3;0;0;2;0;0;0;0;0;3;0;3;0;0;0;3;0;3;0;0;0;3;0;0;1;3;0;0;3;2;0;0;2;0;0;0;2;3;2;0;3;0;0;0;0;0;3
Trichoptera;Hydroptilidae;Paroxyethira;Paroxyethira zoae;ID464;3;0;0;0;0;0;3;0;0;0;3;0;3;0;0;2;0;0;0;0;0;3;0;3;0;0;0;3;0;3;0;0;0;3;0;0;1;3;0;0;3;2;0;0;2;0;0;0;2;3;2;0;3;0;0;0;0;0;3
Trichoptera;Hydroptilidae;Xuthotrichia;Xuthotrichia aotea;ID465;3;0;0;0;0;0;3;0;0;0;3;0;3;0;0;2;0;0;0;0;0;3;0;3;0;0;0;3;0;3;0;0;0;3;0;0;1;3;0;0;3;2;0;0;2;0;0;0;2;3;2;0;3;0;0;0;0;0;3
Trichoptera;Oeconesidae;Pseudoeconesus;Pseudoeconesus hendersoni;ID466;0;0;3;0;0;0;3;0;0;0;3;0;3;0;0;0;3;0;0;0;0;3;0;3;0;0;0;3;0;2;1;0;0;3;1;0;3;0;0;0;0;3;0;3;0;1;0;0;0;0;2;2;1;3;0;0;0;0;3
Trichoptera;Oeconesidae;Pseudoeconesus;Pseudoeconesus hudsoni;ID467;0;0;3;0;0;0;3;0;0;0;3;0;3;0;0;0;3;0;0;0;0;3;0;3;0;0;0;3;0;2;2;0;0;3;1;0;3;0;0;0;0;3;0;3;0;1;0;0;0;0;2;2;1;3;0;0;0;0;3
Trichoptera;Oeconesidae;Pseudoeconesus;Pseudoeconesus mimus;ID468;0;0;3;0;0;0;3;0;0;0;3;0;3;0;0;0;3;0;0;0;0;3;0;3;0;0;0;3;0;2;2;0;0;3;1;0;3;0;0;0;0;3;0;3;0;1;0;0;0;0;2;2;1;3;0;0;0;0;3
Trichoptera;Oeconesidae;Pseudoeconesus;Pseudoeconesus paludis;ID469;0;0;3;0;0;0;3;0;0;0;3;0;3;0;0;0;3;0;0;0;0;3;0;3;0;0;0;3;0;3;0;0;0;3;1;0;3;0;0;0;0;3;0;3;0;1;0;0;0;0;2;2;1;3;0;0;0;0;3
Trichoptera;Oeconesidae;Pseudoeconesus;Pseudoeconesus squamosus;ID470;0;0;3;0;0;0;3;0;0;0;3;0;3;0;0;0;3;0;0;0;0;3;0;3;0;0;0;3;0;2;2;0;0;3;1;0;3;0;0;0;0;3;0;3;0;1;0;0;0;0;2;2;1;3;0;0;0;0;3
Trichoptera;Oeconesidae;Pseudoeconesus;Pseudoeconesus stramineus;ID471;0;0;3;0;0;0;3;0;0;0;3;0;3;0;0;0;3;0;0;0;0;3;0;3;0;0;0;3;0;2;2;0;0;3;1;0;3;0;0;0;0;3;0;3;0;1;0;0;0;0;2;2;1;3;0;0;0;0;3
Trichoptera;Oeconesidae;Tarapsyche;Tarapsyche olis;ID472;0;0;3;0;0;0;3;0;0;0;3;0;3;0;0;0;3;0;0;0;0;3;0;3;0;0;0;3;0;2;2;0;0;3;1;0;3;0;0;0;0;3;0;3;0;1;0;0;0;0;2;2;1;3;0;0;0;0;3
Trichoptera;Oeconesidae;Zepsyche;Zepsyche acinaces;ID473;0;0;3;0;0;0;3;0;0;0;3;0;3;0;0;0;3;0;0;0;0;3;0;3;0;0;0;3;0;2;2;0;0;3;1;0;3;0;0;0;0;3;0;3;0;1;0;0;0;0;2;2;1;3;0;0;0;0;3
Trichoptera;Philorheithridae;Philorheithrus;Philorheithrus agilis;ID474;0;0;3;0;0;0;3;0;0;0;3;0;3;0;0;0;3;0;0;0;0;3;0;3;0;0;0;3;0;2;2;0;0;3;0;0;3;0;0;0;0;3;0;0;0;0;0;3;0;0;3;0;1;3;0;0;0;0;3
Trichoptera;Philorheithridae;Philorheithrus;Philorheithrus aliciae;ID475;0;0;3;0;0;0;3;0;0;0;3;0;3;0;0;0;3;0;0;0;0;3;0;3;0;0;0;3;0;2;2;0;0;3;0;0;3;0;0;0;0;3;0;0;0;0;0;3;0;0;3;0;1;3;0;0;0;0;3
Trichoptera;Philorheithridae;Philorheithrus;Philorheithrus harunae;ID476;0;0;3;0;0;0;3;0;0;0;3;0;3;0;0;0;3;0;0;0;0;3;0;3;0;0;0;3;0;3;1;0;0;3;0;0;3;0;0;0;0;3;0;0;0;0;0;3;0;0;3;0;1;3;0;0;0;0;3
Trichoptera;Philorheithridae;Philorheithrus;Philorheithrus lacustris;ID477;0;0;3;0;0;0;3;0;0;0;3;0;3;0;0;0;3;0;0;0;0;3;0;3;0;0;0;3;0;2;2;0;0;3;0;0;3;0;0;0;0;3;0;0;0;0;0;3;0;0;3;0;1;3;0;0;0;0;3
Trichoptera;Philopotamidae;Hydrobiosella;Hydrobiosella aorere;ID478;0;3;0;0;0;0;3;0;0;0;3;0;3;0;0;2;2;0;0;0;0;3;0;3;0;0;0;3;0;3;0;0;0;1;0;2;0;3;2;0;0;3;0;0;0;0;3;0;0;0;2;1;3;1;0;0;0;0;3
Trichoptera;Philopotamidae;Hydrobiosella;Hydrobiosella mixta;ID479;0;0;3;0;0;0;3;0;0;0;3;0;3;0;0;2;2;0;0;0;0;3;0;3;0;0;0;3;0;2;3;0;0;1;0;2;0;3;2;0;0;3;0;0;0;0;3;0;0;0;2;1;3;1;0;0;0;0;3
Trichoptera;Philopotamidae;Hydrobiosella;Hydrobiosella stenocerca;ID480;0;3;0;0;0;0;3;0;0;0;3;0;3;0;0;2;2;0;0;0;0;3;0;3;0;0;0;3;0;2;3;0;0;1;0;2;0;3;2;0;0;3;0;0;0;0;3;0;0;0;2;1;3;1;0;0;0;0;3
Trichoptera;Philopotamidae;Hydrobiosella;Hydrobiosella tonela;ID481;0;3;0;0;0;0;3;0;0;0;3;0;3;0;0;2;2;0;0;0;0;3;0;3;0;0;0;3;0;2;2;0;0;1;0;2;0;3;2;0;0;3;0;0;0;0;3;0;0;0;2;1;3;1;0;0;0;0;3
Trichoptera;Philopotamidae;Cryptobiosella;Cryptobiosella furcata;ID482;0;3;0;0;0;0;3;0;0;0;3;0;3;0;0;2;2;0;0;0;0;3;0;3;0;0;0;3;0;3;0;0;0;1;0;2;0;3;2;0;0;3;0;0;0;0;3;0;0;0;2;1;3;1;0;0;0;0;3
Trichoptera;Philopotamidae;Cryptobiosella;Cryptobiosella hastata;ID483;0;3;0;0;0;0;3;0;0;0;3;0;3;0;0;2;2;0;0;0;0;3;0;3;0;0;0;3;0;3;0;0;0;1;0;2;0;3;2;0;0;3;0;0;0;0;3;0;0;0;2;1;3;1;0;0;0;0;3
Trichoptera;Philopotamidae;Cryptobiosella;Cryptobiosella spinosa;ID484;0;3;0;0;0;0;3;0;0;0;3;0;3;0;0;2;2;0;0;0;0;3;0;3;0;0;0;3;0;3;0;0;0;1;0;2;0;3;2;0;0;3;0;0;0;0;3;0;0;0;2;1;3;1;0;0;0;0;3
Trichoptera;Philopotamidae;Cryptobiosella;Cryptobiosella tridens;ID485;0;3;0;0;0;0;3;0;0;0;3;0;3;0;0;2;2;0;0;0;0;3;0;3;0;0;0;3;0;3;0;0;0;1;0;2;0;3;2;0;0;3;0;0;0;0;3;0;0;0;2;1;3;1;0;0;0;0;3
Trichoptera;Philopotamidae;Neobiosella;Neobiosella irrorata;ID486;0;3;0;0;0;0;3;0;0;0;3;0;3;0;0;2;2;0;0;0;0;3;0;3;0;0;0;3;0;3;0;0;0;1;0;2;0;3;2;0;0;3;0;0;0;0;3;0;0;0;2;1;3;1;0;0;0;0;3
Trichoptera;Philopotamidae;Xenobiosella;Xenobiosella motueka;ID487;0;3;0;0;0;0;3;0;0;0;3;0;3;0;0;2;2;0;0;0;0;3;0;3;0;0;0;3;0;3;1;0;0;1;0;2;0;3;2;0;0;3;0;0;0;0;3;0;0;0;2;1;3;1;0;0;0;0;3
Trichoptera;Philorheithridae;Philorheithrus;Philorheithrus latentis;ID488;0;0;3;0;0;0;3;0;0;0;3;0;3;0;0;0;3;0;0;0;0;3;0;3;0;0;0;3;0;2;2;0;0;3;1;0;3;0;0;0;0;3;0;0;0;0;0;3;0;0;3;0;2;3;0;0;0;0;3
Trichoptera;Philorheithridae;Philorheithrus;Philorheithrus litoralis;ID489;0;0;3;0;0;0;3;0;0;0;3;0;3;0;0;0;3;0;0;0;0;3;0;3;0;0;0;3;0;3;0;0;0;3;1;0;3;0;0;0;0;3;0;0;0;0;0;3;0;0;3;0;2;3;0;0;0;0;3
Trichoptera;Polycentropodidae;Plectrocnemia;Plectrocnemia maclachlani;ID490;0;0;3;0;0;0;3;0;0;0;3;0;3;0;0;2;2;0;0;0;0;3;0;3;0;0;0;3;0;3;1;0;0;1;0;2;0;3;2;0;0;3;0;0;0;0;3;2;0;0;0;3;3;1;0;0;0;0;3
Trichoptera;Polycentropodidae;Plectrocnemia;Plectrocnemia tuhuae;ID491;0;0;3;0;0;0;3;0;0;0;3;0;3;0;0;2;2;0;0;0;0;3;0;3;0;0;0;3;0;3;1;0;0;1;0;2;0;3;2;0;0;3;0;0;0;0;3;2;0;0;0;3;3;1;0;0;0;0;3
Trichoptera;Polycentropodidae;Polyplectropus;Polyplectropus puerilis;ID492;0;0;3;0;0;0;3;0;0;0;3;0;3;0;0;2;2;0;0;0;0;3;0;3;0;0;0;3;0;2;3;0;0;1;0;2;0;3;2;0;0;3;0;0;0;0;3;2;0;0;0;3;3;1;0;0;0;0;3
Trichoptera;Polycentropodidae;Polyplectropus;Polyplectropus altera;ID493;0;0;3;0;0;3;3;0;0;0;3;0;3;0;0;2;2;0;0;0;0;3;0;3;0;0;0;3;0;2;3;0;0;1;0;2;0;3;2;0;0;3;0;0;0;0;3;2;0;0;0;3;3;1;0;0;0;0;3
Trichoptera;Polycentropodidae;Polyplectropus;Polyplectropus aurifusca;ID494;0;0;3;0;0;3;3;0;0;0;3;0;3;0;0;2;2;0;0;0;0;3;0;3;0;0;0;3;0;2;3;0;0;1;0;2;0;3;2;0;0;3;0;0;0;0;3;2;0;0;0;3;3;1;0;0;0;0;3
Trichoptera;Polycentropodidae;Polyplectropus;Polyplectropus impluvii;ID495;0;0;3;0;0;3;3;0;0;0;3;0;3;0;0;2;2;0;0;0;0;3;0;3;0;0;0;3;0;2;2;0;0;1;0;2;0;3;2;0;0;3;0;0;0;0;3;2;0;0;0;3;3;1;0;0;0;0;3